user_id,location_id,check_in_time
5479,332428,2010-10-03T16:10:09Z
39612,12535,2010-02-21T20:36:02Z
2,167337,2010-09-21T02:33:01Z
3384,1049172,2010-09-04T20:13:41Z
1201,898204,2010-10-20T20:08:59Z
708,1138615,2010-06-22T11:25:15Z
1594,532102,2010-06-03T21:55:56Z
4466,549660,2010-05-11T02:58:03Z
4916,30181,2010-07-09T16:16:19Z
14509,374346,2010-06-06T16:20:59Z
5556,202546,2010-06-18T21:31:26Z
33990,76219,2010-09-02T19:27:47Z
1940,1591728,2010-08-30T14:33:09Z
108342,398986,2010-09-18T16:50:59Z
244,53199,2010-01-02T00:52:30Z
29225,327184,2010-04-15T05:51:25Z
5479,449517,2010-07-22T06:21:24Z
16733,1080586,2010-08-09T22:20:24Z
1153,325926,2010-08-30T15:37:58Z
1776,1604249,2010-10-15T21:10:34Z
70969,336333,2010-06-04T16:19:03Z
138817,1448190,2010-07-18T12:12:17Z
3463,51463,2010-03-11T06:58:45Z
37664,33347,2010-08-25T09:24:56Z
107964,279175,2010-06-13T17:41:56Z
109821,57706,2010-08-05T10:52:39Z
661,814382,2010-06-15T21:52:05Z
350,420315,2010-04-02T15:16:13Z
1403,1385576,2010-08-25T09:10:05Z
108342,1197556,2010-09-14T19:31:13Z
753,9724,2010-08-09T03:31:08Z
5604,83377,2010-01-22T17:52:44Z
130766,1124890,2010-08-10T16:10:28Z
14406,626330,2010-02-28T14:36:16Z
37398,653921,2010-08-14T12:57:51Z
3480,864730,2010-05-24T14:01:19Z
34165,626791,2010-08-14T15:35:32Z
103284,529160,2010-03-30T14:55:28Z
180,59812,2010-03-07T19:26:29Z
48277,235912,2010-02-07T18:27:36Z
159748,144944,2010-04-08T02:31:09Z
47531,492084,2010-09-27T20:20:12Z
3227,820182,2010-08-24T11:56:59Z
58839,729605,2010-03-17T17:54:27Z
779,420746,2010-04-07T15:23:52Z
6752,56842,2010-01-24T19:45:30Z
112445,1238714,2010-06-08T00:41:28Z
3328,1187501,2010-08-15T20:46:12Z
3273,542465,2010-09-04T19:00:23Z
1050,1213243,2010-08-03T16:53:46Z
191,138229,2010-03-03T23:39:56Z
32128,67281,2010-07-11T10:42:32Z
2100,1700882,2010-08-16T22:16:38Z
3087,426075,2010-08-26T16:55:47Z
10764,157364,2010-01-07T01:49:47Z
469,5450899,2010-10-17T03:41:01Z
18478,889502,2010-09-02T01:55:30Z
1201,9221,2010-10-20T20:40:32Z
18927,91033,2010-06-18T19:00:52Z
38368,516436,2010-02-13T09:30:26Z
776,841222,2010-08-18T21:03:59Z
5245,859851,2010-08-15T01:15:19Z
38149,4524304,2010-09-27T09:48:20Z
5246,30436,2010-04-04T16:54:49Z
444,260566,2010-01-05T23:10:03Z
14443,181902,2010-04-10T16:43:39Z
28406,269884,2010-05-04T01:59:58Z
11308,119727,2010-04-27T19:07:23Z
124518,815371,2010-03-28T08:54:18Z
18900,1365747,2010-10-21T05:46:28Z
111548,1073844,2010-09-23T10:17:01Z
1122,13995,2010-10-02T05:09:56Z
1148,110760,2010-09-07T15:56:06Z
81308,462042,2010-08-31T03:03:23Z
4923,403532,2010-02-02T01:37:45Z
1359,1122579,2010-07-06T23:49:44Z
118053,193045,2010-08-11T10:47:55Z
4489,476035,2010-01-30T05:56:06Z
48463,1235361,2010-09-18T18:49:21Z
39729,84139,2010-03-17T10:37:23Z
108920,1520966,2010-10-19T07:48:11Z
19490,950706,2010-04-21T09:44:56Z
48473,5256520,2010-10-15T13:08:49Z
4493,58882,2010-02-21T21:39:20Z
3129,11319,2010-10-08T21:39:59Z
110073,465339,2010-07-06T09:51:12Z
5946,430673,2010-04-23T00:29:51Z
136088,631712,2010-04-05T18:36:55Z
28399,414990,2010-06-28T18:27:30Z
19470,288864,2010-05-07T08:39:45Z
884,508751,2010-05-10T09:55:23Z
125502,263886,2009-12-24T13:37:02Z
6977,852319,2010-10-14T05:21:14Z
18584,703257,2010-09-05T13:53:38Z
4994,216913,2009-12-16T17:47:57Z
2592,1410538,2010-07-18T01:22:56Z
111547,1207912,2010-06-01T17:08:44Z
18446,498293,2010-04-01T13:43:12Z
22,174191,2010-02-08T01:52:33Z
19404,689331,2010-03-14T00:44:26Z
3772,1401755,2010-08-12T12:48:51Z
12876,15174,2010-09-17T11:54:57Z
109259,3439300,2010-09-10T11:32:04Z
4657,303507,2010-10-20T14:22:38Z
112445,453168,2010-09-26T17:43:17Z
19490,163843,2010-05-06T10:45:45Z
170,156029,2010-01-29T18:48:42Z
118351,611576,2010-02-26T20:28:26Z
36514,656004,2010-04-23T16:39:18Z
186605,1287987,2010-06-16T07:02:43Z
1405,596843,2010-02-23T15:16:49Z
1120,17726,2010-04-30T21:55:45Z
119153,5364141,2010-10-12T11:03:27Z
38201,700662,2010-05-29T19:00:37Z
531,492599,2010-02-02T02:01:10Z
48887,459175,2010-02-20T20:41:47Z
48824,741232,2010-06-06T15:28:03Z
116441,297418,2009-12-30T20:01:26Z
39334,693826,2010-05-28T16:36:28Z
984,509090,2010-09-04T16:25:03Z
205,1543195,2010-10-18T09:34:08Z
244,3247401,2010-10-05T00:10:48Z
249,116371,2010-03-25T18:13:00Z
2758,20539,2010-08-04T16:11:49Z
106105,461810,2010-05-12T08:22:40Z
14509,572382,2010-05-30T16:09:30Z
15389,254768,2010-06-05T21:01:19Z
103902,786844,2010-07-19T19:39:21Z
984,4043009,2010-10-02T08:18:49Z
3222,339489,2010-06-22T23:27:29Z
18898,1594813,2010-08-11T01:30:01Z
139788,471801,2010-05-29T09:45:58Z
16936,68086,2010-08-11T20:54:57Z
185,616307,2010-07-16T00:23:24Z
70884,178221,2010-09-18T20:01:01Z
2413,549451,2010-09-10T05:03:58Z
80979,38172,2009-12-11T06:53:54Z
4888,99498,2010-08-25T01:51:19Z
106541,84206,2010-09-03T17:53:51Z
47350,114881,2010-04-12T06:58:00Z
16239,40430,2010-10-05T17:22:40Z
1114,168975,2010-07-27T23:00:10Z
491,28886,2010-02-17T16:24:10Z
956,107492,2010-09-19T23:49:42Z
401,15103,2009-09-25T23:52:43Z
825,106567,2010-05-11T20:28:43Z
2357,412155,2010-09-16T05:52:43Z
39447,150229,2010-09-16T19:09:48Z
16810,482181,2010-09-27T04:06:11Z
138,14661,2009-08-13T21:27:32Z
573,9223,2010-07-30T03:22:48Z
138243,1427959,2010-07-29T13:40:03Z
18352,331356,2010-06-10T16:34:52Z
1922,18976,2010-08-31T17:57:53Z
2836,870818,2010-04-04T14:55:21Z
45200,724980,2010-03-17T00:52:43Z
1741,1552398,2010-09-18T03:17:23Z
18723,1498327,2010-09-17T17:10:25Z
139965,491373,2010-04-27T04:15:16Z
104395,89015,2010-10-16T18:14:14Z
2638,354450,2010-09-06T18:06:27Z
10837,1020194,2010-09-30T06:26:45Z
19459,10720,2010-06-20T02:08:25Z
102019,1205714,2010-06-01T18:57:29Z
1286,115115,2010-09-23T08:16:00Z
185,1155237,2010-08-18T23:49:13Z
551,13847,2010-03-21T17:20:22Z
10727,1060461,2010-08-20T02:38:38Z
19194,380539,2010-08-10T09:16:50Z
18352,447007,2010-04-10T17:39:41Z
3486,1152534,2010-05-22T10:52:27Z
159414,479614,2010-02-26T16:18:25Z
18623,733948,2010-05-07T07:22:41Z
4820,14240,2010-06-11T02:30:58Z
15242,270644,2010-01-30T05:26:59Z
46335,1005444,2010-05-31T18:03:48Z
29105,127573,2010-04-14T17:03:48Z
3080,190032,2010-01-18T18:23:55Z
533,9066,2010-10-04T18:42:24Z
4774,203124,2010-05-16T20:38:47Z
19603,1108744,2010-05-29T22:22:52Z
2056,92539,2010-10-07T23:32:56Z
48657,77986,2010-07-22T09:39:49Z
533,690192,2010-03-12T22:16:27Z
3002,30905,2010-05-22T16:14:38Z
76839,1387477,2010-07-04T19:41:04Z
1695,13292,2010-08-19T14:35:04Z
19935,254303,2010-03-06T00:13:37Z
12777,1328386,2010-06-25T16:35:43Z
117277,597434,2010-03-12T10:03:27Z
3013,502491,2010-02-18T23:51:05Z
531,633562,2010-03-02T05:34:11Z
42014,74512,2010-10-13T05:41:49Z
49918,449847,2010-04-21T07:07:36Z
112171,44501,2010-08-18T22:45:17Z
118965,491463,2010-02-13T03:26:49Z
158,31882,2010-02-16T19:27:41Z
2468,104429,2010-03-13T22:41:08Z
19404,1049565,2010-05-02T17:32:24Z
125365,32279,2009-12-31T01:54:13Z
125939,1419028,2010-07-11T16:39:27Z
16324,411741,2010-04-06T05:49:36Z
113660,711348,2010-04-30T23:12:47Z
19955,504140,2010-03-22T16:25:23Z
4900,543141,2010-04-09T21:00:46Z
10727,940853,2010-10-08T16:26:30Z
19177,300756,2010-07-22T18:02:36Z
15067,11888,2010-06-25T20:29:47Z
117507,76083,2010-02-10T11:09:21Z
114604,728404,2010-08-17T20:15:13Z
4913,48119,2009-12-11T16:53:20Z
134446,538911,2010-06-14T16:48:30Z
1426,274949,2010-07-04T19:12:41Z
993,341280,2010-09-22T16:41:29Z
1108,68855,2010-05-11T02:51:36Z
11060,57197,2010-03-19T22:26:48Z
210,9430,2010-01-12T23:40:56Z
125180,174832,2010-09-19T06:28:53Z
101115,110177,2010-04-21T15:01:29Z
164,185775,2009-12-09T15:44:53Z
1440,92524,2010-09-16T21:11:34Z
4076,45825,2010-07-15T19:14:36Z
1052,217920,2010-06-20T01:52:29Z
84182,27484,2010-07-10T11:56:21Z
4458,491597,2010-02-05T22:09:53Z
122224,296130,2010-10-09T15:47:58Z
18755,621512,2010-03-23T16:41:54Z
108537,947826,2010-06-08T20:26:13Z
104211,130689,2010-03-13T16:30:10Z
111627,649508,2010-03-05T19:25:51Z
9025,45167,2010-08-29T18:58:48Z
14896,1096719,2010-09-09T23:01:06Z
69322,90435,2010-03-20T05:09:05Z
3252,86624,2010-09-07T23:28:10Z
10762,1064344,2010-06-28T19:48:52Z
19096,430520,2010-02-25T23:18:20Z
170,348334,2010-07-28T02:37:42Z
19031,1958969,2010-09-08T16:37:32Z
6152,1398731,2010-07-06T23:52:13Z
81244,16270,2010-05-30T22:43:46Z
3478,1275264,2010-08-12T14:43:18Z
109807,1439804,2010-09-15T10:53:46Z
18584,775445,2010-10-07T14:15:16Z
1542,12595,2010-09-14T18:31:09Z
57948,74677,2010-09-01T08:16:58Z
19298,559727,2010-09-25T00:52:03Z
469,1184599,2010-05-28T17:38:09Z
5596,235503,2010-04-30T00:57:34Z
32186,23372,2010-09-10T20:44:51Z
114581,1054086,2010-06-12T21:29:39Z
2,367090,2010-09-13T16:32:06Z
146995,1595143,2010-08-30T05:20:48Z
4806,21676,2009-12-18T23:06:34Z
142998,432879,2010-04-12T01:20:45Z
19177,1420305,2010-07-10T20:53:46Z
101931,883803,2010-03-22T23:32:11Z
18517,4289157,2010-10-03T19:20:39Z
19580,277504,2009-12-27T13:51:51Z
3252,73419,2010-09-22T17:14:47Z
18901,130942,2010-10-19T10:30:20Z
48239,46141,2009-12-20T11:30:04Z
106032,1017572,2010-10-17T14:42:04Z
48879,195657,2010-08-06T03:41:01Z
38293,951470,2010-09-18T13:25:56Z
106708,624406,2010-04-30T17:07:26Z
3682,456784,2010-03-16T21:45:28Z
29260,116703,2010-07-16T13:12:09Z
7137,5852769,2010-10-20T21:28:52Z
4858,17695,2009-11-22T14:09:05Z
5187,535864,2010-06-07T04:24:56Z
4947,83943,2010-06-24T19:34:28Z
3486,945855,2010-05-21T13:24:52Z
19470,691079,2010-04-25T12:48:18Z
6038,33671,2009-11-25T04:42:11Z
143001,1150186,2010-06-05T16:28:45Z
31353,5637900,2010-10-16T21:11:43Z
1776,1238105,2010-09-23T12:38:11Z
5864,74576,2010-03-24T11:46:55Z
4390,9931,2010-01-01T03:39:09Z
68087,124055,2010-10-12T23:59:06Z
108607,503223,2010-05-10T07:47:28Z
111565,847817,2010-06-16T20:12:31Z
28366,184678,2010-05-05T14:16:02Z
3129,568532,2010-04-05T15:57:52Z
2838,83072,2010-08-07T21:43:10Z
105528,78131,2010-03-10T17:55:17Z
12918,1056236,2010-09-03T08:51:40Z
72753,775925,2010-05-23T20:53:30Z
18415,407140,2010-01-18T14:50:26Z
41185,446711,2010-01-24T19:01:22Z
12052,29786,2010-10-01T22:08:56Z
49918,609354,2010-10-09T09:40:01Z
18353,1401934,2010-09-11T16:16:42Z
10152,99005,2010-04-09T22:26:35Z
4368,27119,2009-12-20T20:09:59Z
540,26921,2010-09-29T13:42:35Z
4813,65191,2009-11-25T00:42:51Z
598,16000,2010-03-18T01:15:00Z
152940,31707,2010-08-20T01:21:42Z
1498,9518,2010-07-04T16:50:29Z
88373,1441416,2010-08-12T23:30:50Z
107874,515884,2010-04-15T16:32:30Z
34841,78833,2010-01-11T20:30:41Z
18396,1098140,2010-06-02T17:02:53Z
1346,88000,2010-01-12T21:03:26Z
10222,404505,2010-01-29T22:03:09Z
4466,235394,2010-07-05T21:30:58Z
2355,10868,2009-11-21T19:26:04Z
18993,11667,2010-09-23T13:34:53Z
3460,180439,2010-10-16T06:46:53Z
113660,469324,2010-01-30T21:32:05Z
112664,719714,2010-03-22T04:26:13Z
2954,694118,2010-04-21T23:54:33Z
854,74741,2010-08-09T19:21:40Z
1695,265318,2010-09-06T02:14:06Z
10971,89252,2010-03-13T11:50:22Z
39750,189960,2010-01-22T13:40:55Z
2027,224755,2010-09-11T07:36:56Z
2798,50118,2010-09-10T21:04:55Z
105286,3696220,2010-09-15T06:45:27Z
5390,150583,2010-03-06T03:28:35Z
19404,29020,2010-06-07T13:27:41Z
2413,66544,2010-08-28T00:46:31Z
776,499362,2010-09-07T22:01:05Z
11349,255046,2010-01-13T16:31:13Z
10445,584750,2010-02-28T11:41:07Z
1256,1179734,2010-07-01T00:25:22Z
19470,219491,2010-04-27T10:26:19Z
14858,1317432,2010-09-26T15:07:21Z
24695,108181,2010-02-18T15:47:12Z
1198,183534,2010-10-17T21:11:20Z
48503,320692,2010-04-11T21:49:09Z
2341,5384168,2010-10-21T03:03:21Z
12205,559098,2010-06-05T00:37:23Z
56332,545954,2010-02-12T16:22:31Z
218,235457,2010-04-25T18:22:20Z
3747,99521,2009-12-22T23:08:36Z
107566,1038430,2010-07-09T11:34:42Z
104211,130689,2010-04-05T14:24:55Z
14484,1212021,2010-06-21T16:06:16Z
106819,1017056,2010-10-15T15:44:30Z
125712,374426,2010-04-10T23:06:37Z
100900,3587608,2010-09-12T14:00:06Z
105458,157360,2009-12-03T07:56:21Z
753,1333731,2010-07-13T22:15:12Z
23761,435628,2010-04-23T10:53:36Z
38521,108370,2010-02-10T18:23:04Z
19293,985457,2010-09-21T17:48:34Z
69819,65048,2010-09-27T17:08:07Z
332,922742,2010-07-14T11:11:02Z
49865,58981,2010-04-30T19:40:15Z
40600,287324,2010-03-03T19:10:57Z
2971,191586,2010-03-09T20:48:03Z
2951,10678,2010-04-17T21:26:23Z
19702,658647,2010-03-07T00:35:00Z
4466,56620,2010-06-12T03:53:35Z
66597,957035,2010-07-19T07:20:19Z
6463,529683,2010-05-03T18:40:00Z
55221,74479,2009-11-27T07:55:36Z
166801,93252,2010-10-08T15:10:18Z
3379,413510,2010-02-15T02:23:58Z
1176,1121134,2010-05-15T18:10:22Z
111041,4415130,2010-09-30T13:59:43Z
14735,237536,2010-10-05T17:03:20Z
143346,250708,2010-10-10T15:53:22Z
19784,455564,2010-08-26T19:33:16Z
179115,1435971,2010-09-20T16:05:25Z
14882,3746321,2010-09-15T09:25:03Z
12835,3790490,2010-09-16T10:19:07Z
1108,63805,2010-01-27T16:08:55Z
4627,283009,2010-08-31T12:52:45Z
244,382214,2010-09-22T20:15:14Z
1346,34314,2010-10-10T17:08:22Z
46535,653528,2010-07-06T21:31:13Z
272,376745,2010-08-25T00:48:15Z
4749,147900,2010-09-11T01:42:39Z
106429,655196,2010-08-22T01:16:34Z
38006,174780,2009-12-24T02:13:14Z
36530,413225,2010-01-28T15:45:15Z
1627,371577,2010-07-08T09:56:17Z
6307,248929,2010-01-12T20:51:10Z
18735,221791,2009-12-29T11:32:04Z
165055,69283,2010-02-01T18:07:48Z
1940,1050290,2010-09-25T02:59:54Z
2786,98386,2009-12-04T19:57:14Z
3011,447662,2010-08-16T23:43:46Z
48287,245610,2010-03-18T08:57:17Z
8667,126879,2010-06-25T20:27:06Z
475,12965,2010-09-17T17:11:13Z
11070,157872,2009-12-09T18:23:34Z
2105,503879,2010-09-24T10:49:25Z
69322,172510,2010-03-20T05:02:54Z
3349,1111377,2010-08-23T13:15:39Z
247,1412464,2010-10-16T19:31:14Z
19031,64571,2010-09-18T21:46:17Z
104124,105950,2010-09-29T14:32:22Z
4855,32074,2009-11-02T15:44:48Z
48222,332504,2010-07-01T05:37:35Z
11107,3018259,2010-09-18T21:53:30Z
14722,360627,2010-07-10T23:20:04Z
132269,96142,2010-01-17T19:50:29Z
74876,90462,2010-03-07T20:46:08Z
312,161830,2010-07-20T04:04:41Z
39034,918213,2010-07-25T03:13:24Z
10138,642589,2010-03-04T10:22:07Z
125152,23829,2010-07-08T07:24:40Z
2319,3148277,2010-09-06T23:12:18Z
3106,643848,2010-05-10T17:44:04Z
620,815349,2010-07-25T07:32:17Z
5980,48620,2010-03-11T15:20:59Z
842,247818,2010-09-29T07:23:00Z
19710,456230,2010-09-28T13:37:15Z
73529,1212801,2010-06-13T18:00:43Z
38201,45094,2010-06-01T10:23:05Z
49573,75434,2010-06-05T13:07:34Z
4368,120031,2010-01-19T07:18:13Z
104312,212224,2009-12-15T13:22:33Z
5980,39362,2010-01-04T18:58:19Z
100365,1187273,2010-06-26T23:38:30Z
19574,422005,2010-08-21T20:03:37Z
1180,10259,2010-07-19T18:01:18Z
588,671245,2010-03-14T22:39:31Z
180,22535,2010-01-12T22:16:54Z
534,1433027,2010-07-13T12:01:45Z
8743,360369,2010-04-03T21:39:33Z
869,323765,2010-06-26T20:40:09Z
247,1251379,2010-09-14T03:13:43Z
48879,169867,2010-09-09T15:43:45Z
4913,165768,2009-12-11T21:20:24Z
47350,450142,2010-05-29T07:13:55Z
7542,978046,2010-04-20T02:59:16Z
7040,920046,2010-04-11T11:18:06Z
10459,13626,2010-01-14T05:06:18Z
10393,60284,2009-11-05T15:51:34Z
73655,199485,2010-01-11T02:14:39Z
4956,1041042,2010-08-05T20:42:22Z
111565,83447,2010-03-10T20:34:38Z
343,23351,2009-11-03T19:14:00Z
49968,373191,2010-03-23T08:38:05Z
991,396361,2010-09-12T18:24:31Z
19456,836785,2010-09-28T06:43:58Z
125,23161,2009-11-25T00:05:57Z
14499,417784,2010-10-10T17:45:59Z
22,11794,2010-01-06T00:48:38Z
126442,1588009,2010-10-16T15:46:43Z
111638,279069,2010-10-18T14:48:39Z
65320,430089,2010-06-30T19:31:41Z
113659,813428,2010-07-31T19:54:00Z
1198,199415,2010-07-15T14:28:05Z
1304,794251,2010-06-27T00:12:53Z
1618,1374478,2010-08-09T15:50:31Z
19490,1372754,2010-09-12T19:01:47Z
111728,217491,2010-07-15T09:22:15Z
165814,493702,2010-09-13T09:55:51Z
39311,761752,2010-09-21T14:41:27Z
40633,428349,2010-01-24T02:33:54Z
112664,733844,2010-04-04T03:39:45Z
4947,835382,2010-09-13T08:00:55Z
2810,218933,2010-06-25T21:04:30Z
1415,83738,2010-06-02T08:08:59Z
939,373627,2010-06-15T06:49:49Z
89531,346343,2010-02-26T20:22:12Z
1201,116129,2010-10-20T19:34:07Z
3070,153505,2010-04-28T14:17:18Z
97668,1133510,2010-07-15T17:44:59Z
3440,242319,2010-05-18T03:56:20Z
152611,30432,2010-03-16T07:04:15Z
3105,345525,2010-06-14T17:08:46Z
14406,578233,2010-02-20T15:14:37Z
3476,14634,2010-08-17T18:55:38Z
112768,1352983,2010-07-07T13:17:22Z
4749,35658,2010-09-07T01:40:00Z
6150,26780,2010-06-05T23:42:03Z
11112,893939,2010-08-13T23:08:08Z
121779,1241223,2010-06-10T17:19:19Z
281,20548,2010-02-20T18:57:43Z
39576,626147,2010-03-13T14:27:08Z
109740,808676,2010-03-27T17:31:16Z
244,45721,2010-01-26T23:24:07Z
12546,1760671,2010-08-14T14:58:57Z
3756,645394,2010-03-09T02:01:22Z
106105,1057165,2010-09-21T07:57:59Z
16731,256336,2010-09-09T12:05:14Z
36070,11735,2010-01-27T20:25:06Z
7752,23829,2010-08-15T16:16:06Z
19585,914860,2010-09-30T17:19:20Z
3279,790565,2010-08-06T04:14:20Z
119,633724,2010-06-06T00:44:47Z
18582,528388,2010-08-22T00:30:39Z
3446,36276,2010-05-28T18:51:21Z
11581,392728,2010-06-12T00:08:17Z
113660,302821,2010-01-17T22:03:58Z
5847,33236,2010-09-23T03:37:03Z
2784,1568926,2010-09-26T18:55:12Z
4785,45146,2009-11-01T21:11:29Z
118955,179446,2010-01-15T13:42:21Z
121305,25696,2010-03-24T17:02:02Z
104124,168976,2010-05-29T10:28:19Z
115523,48213,2009-11-05T14:40:33Z
2361,305643,2010-08-21T19:15:07Z
680,1204989,2010-05-31T22:07:31Z
2360,64718,2010-04-12T06:08:49Z
3476,303024,2010-09-28T23:45:37Z
1426,868362,2010-04-18T10:03:04Z
19208,588481,2010-10-15T02:10:08Z
5237,75587,2010-06-23T23:46:28Z
93545,847541,2010-08-07T16:27:18Z
1564,405791,2010-09-06T03:09:18Z
38495,1210230,2010-07-17T12:01:28Z
2638,290608,2010-03-25T23:40:19Z
18478,1213628,2010-06-04T14:18:09Z
4496,167144,2010-07-28T23:51:34Z
475,409620,2010-09-10T01:31:50Z
2363,906526,2010-07-18T21:24:45Z
28424,328294,2010-01-25T16:51:48Z
10928,217522,2009-12-23T13:08:55Z
12052,65996,2010-09-23T00:57:00Z
1426,279561,2010-04-19T06:25:28Z
18403,413178,2010-07-30T23:50:55Z
183365,1847002,2010-10-12T17:01:30Z
94069,1488876,2010-10-13T09:21:25Z
19041,1170530,2010-07-22T14:08:18Z
145696,175367,2009-12-06T21:56:20Z
111119,220823,2010-09-26T23:29:31Z
19074,159308,2010-09-10T05:37:13Z
312,13576,2010-03-15T00:10:01Z
726,568978,2010-08-14T13:28:14Z
522,31205,2009-11-13T18:26:30Z
7371,10863,2010-07-24T23:27:34Z
4799,63008,2009-11-01T05:01:58Z
144525,32441,2010-09-03T13:10:05Z
1394,1590692,2010-09-17T11:46:09Z
142633,652777,2010-06-17T18:33:24Z
49735,27532,2010-03-15T02:48:41Z
100439,1586859,2010-09-04T22:49:08Z
19709,1581343,2010-08-14T03:26:26Z
28974,129874,2009-12-29T02:09:35Z
10445,174894,2010-03-09T22:12:54Z
148,18568,2010-10-04T16:59:41Z
4551,43684,2010-05-08T07:23:08Z
10811,492127,2010-10-14T04:10:18Z
39951,326811,2010-01-05T21:22:42Z
10354,472263,2010-01-29T18:13:43Z
8680,900880,2010-08-19T03:56:19Z
1135,444680,2010-04-17T12:02:59Z
130,60904,2009-12-08T03:58:24Z
49103,384774,2010-05-14T07:53:16Z
3600,30859,2010-02-13T21:07:41Z
154340,344856,2010-09-15T13:19:29Z
2305,345833,2010-07-26T14:10:23Z
4283,90472,2010-01-10T20:22:24Z
12720,178692,2010-05-23T21:31:07Z
48879,223780,2010-08-22T18:54:48Z
10103,938165,2010-10-02T14:12:11Z
984,984813,2010-07-08T19:22:12Z
3463,34803,2010-09-08T19:48:05Z
11032,109951,2010-07-04T01:19:23Z
29557,708738,2010-09-12T13:56:53Z
49865,170026,2010-06-06T22:12:37Z
1052,64332,2010-08-27T04:29:30Z
221,35176,2009-10-03T04:14:24Z
12084,1105986,2010-06-18T01:03:36Z
85050,571395,2010-09-21T13:46:47Z
138,9223,2009-03-17T17:04:19Z
29489,246275,2010-01-08T15:39:30Z
34287,446778,2010-03-27T00:28:08Z
6872,422658,2010-03-28T04:46:06Z
113659,77342,2010-08-28T18:25:10Z
20405,745156,2010-08-19T18:49:40Z
53,953014,2010-06-25T01:43:50Z
10677,650395,2010-03-07T17:02:58Z
106058,762511,2010-03-21T13:47:06Z
102283,295232,2010-09-11T15:44:16Z
22782,891650,2010-06-11T01:49:05Z
29557,1342989,2010-09-28T16:16:01Z
18584,839115,2010-09-04T08:29:21Z
3165,298481,2010-05-31T17:05:44Z
16894,4294193,2010-10-01T01:10:26Z
29353,502907,2010-02-28T03:10:53Z
4535,39231,2009-11-21T15:09:54Z
105718,1579044,2010-09-13T06:11:15Z
1725,449135,2010-08-08T19:42:59Z
47350,227415,2010-02-24T08:19:00Z
3279,806382,2010-09-16T15:56:02Z
49968,551313,2010-06-12T10:05:19Z
5908,1559683,2010-08-05T05:26:07Z
81429,124155,2010-03-23T22:06:14Z
4585,1148148,2010-07-06T20:49:40Z
2193,556908,2010-09-27T19:04:14Z
49719,1428355,2010-09-30T00:02:26Z
3425,766421,2010-04-10T00:59:24Z
41270,391862,2010-08-12T14:15:45Z
45808,146748,2010-06-07T18:37:09Z
2319,904616,2010-09-08T18:39:38Z
2193,610428,2010-08-17T02:14:15Z
1786,308266,2010-09-19T12:43:23Z
1174,2281114,2010-08-29T07:23:41Z
4806,101739,2009-11-17T17:33:18Z
244,718957,2010-04-22T20:28:05Z
854,25054,2010-08-04T09:46:04Z
29557,368650,2010-04-26T15:49:33Z
69897,349538,2010-02-16T13:57:38Z
620,1221608,2010-09-25T11:01:30Z
2398,71252,2010-07-11T10:19:55Z
2027,327928,2010-10-22T10:42:29Z
113789,537913,2010-02-10T20:02:50Z
39324,134549,2010-01-11T20:11:20Z
15566,253320,2010-09-23T23:55:11Z
3395,380417,2010-07-13T02:50:29Z
103352,1166621,2010-07-05T09:04:35Z
6156,749902,2010-06-25T18:14:09Z
116592,1480858,2010-09-22T08:36:56Z
38736,4338106,2010-10-16T11:50:58Z
10459,13338,2010-06-01T01:19:05Z
993,1506082,2010-09-24T17:00:25Z
145726,604153,2010-02-24T01:39:06Z
1319,826469,2010-06-04T21:28:45Z
1922,336929,2010-09-12T17:01:44Z
6046,8997,2010-10-18T16:58:29Z
4958,277033,2010-06-08T18:58:00Z
1201,740256,2010-10-20T20:33:45Z
39770,144083,2010-10-15T17:53:53Z
1627,361783,2010-06-07T09:37:24Z
20184,1215071,2010-09-04T10:07:07Z
48860,215109,2010-01-09T07:36:39Z
2100,1599721,2010-10-04T01:06:51Z
19163,114473,2010-07-24T04:19:41Z
47980,1340670,2010-09-14T10:33:46Z
19867,297298,2010-04-19T19:36:37Z
19082,69755,2010-04-29T21:29:04Z
3340,1524409,2010-08-08T18:13:04Z
40496,297906,2010-05-27T22:21:36Z
124685,346198,2010-03-23T00:08:04Z
5842,361677,2010-06-08T02:30:19Z
55136,587680,2010-03-21T07:04:55Z
472,195115,2010-01-17T02:58:37Z
103396,4388833,2010-09-25T08:28:50Z
1695,1529435,2010-10-03T01:24:55Z
4913,108358,2009-11-20T23:02:37Z
3376,91526,2010-08-09T13:06:32Z
620,400343,2010-10-14T13:24:50Z
111565,309798,2010-03-17T19:05:39Z
4775,146426,2009-12-21T20:46:09Z
13525,25308,2010-05-06T23:27:45Z
10837,3241835,2010-09-12T10:26:57Z
1075,59467,2010-10-02T19:31:16Z
1970,1419110,2010-07-10T18:21:29Z
578,440770,2010-06-15T18:47:18Z
11067,351417,2010-01-27T15:02:26Z
3006,102343,2009-11-15T01:06:14Z
4647,166728,2009-12-19T00:04:03Z
832,132257,2010-01-30T18:47:48Z
57750,125878,2010-02-22T12:29:05Z
819,9237,2010-05-31T18:56:40Z
156815,695796,2010-05-26T19:37:21Z
1446,2020038,2010-10-07T08:55:12Z
18415,138127,2010-02-09T12:19:19Z
406,133166,2010-10-09T22:53:19Z
57558,901949,2010-07-23T22:09:10Z
1642,97481,2010-01-26T15:48:06Z
12935,52979,2010-06-13T01:20:07Z
43961,24800,2010-07-20T23:14:11Z
1247,103261,2010-10-02T12:40:51Z
15242,372908,2010-01-17T03:46:55Z
2211,555058,2010-09-10T02:49:51Z
49147,500264,2010-07-03T03:30:57Z
39626,200077,2010-06-23T18:44:37Z
1440,528615,2010-09-03T19:16:00Z
106368,325459,2010-02-23T23:02:44Z
204,13256,2010-03-05T22:25:26Z
106123,996765,2010-05-01T16:37:42Z
16735,1201921,2010-06-12T13:05:26Z
4956,470328,2010-05-16T15:39:19Z
49143,202705,2010-10-11T01:33:31Z
39577,106464,2010-05-07T23:11:39Z
158371,233591,2010-02-19T10:48:53Z
3207,1178090,2010-08-16T22:12:15Z
22,15624,2009-10-06T05:23:56Z
119508,651036,2010-03-05T23:54:35Z
105935,1005760,2010-04-27T21:04:43Z
39750,181474,2010-01-04T07:02:40Z
11481,857418,2010-04-07T20:24:06Z
38849,1424294,2010-07-11T15:11:59Z
54493,41520,2010-05-16T06:19:56Z
4797,565776,2010-02-20T17:20:24Z
49878,4425519,2010-09-25T19:13:10Z
48457,799439,2010-08-18T07:20:45Z
19378,238752,2010-09-24T12:34:37Z
4947,252105,2010-06-14T16:44:27Z
38230,95585,2010-04-20T15:43:52Z
22,22161,2009-12-30T03:43:49Z
49980,684998,2010-03-15T09:42:07Z
110140,258633,2009-12-23T17:57:53Z
2631,1156937,2010-08-14T20:53:09Z
956,529473,2010-10-17T21:48:41Z
2305,1184113,2010-07-07T08:03:00Z
3384,118662,2010-09-23T02:33:54Z
108899,177693,2010-06-02T17:37:00Z
14805,112751,2010-05-10T11:39:12Z
3252,113161,2010-06-10T16:46:13Z
1146,517833,2010-08-06T20:59:06Z
3279,561899,2010-08-05T02:53:17Z
19379,1347560,2010-06-27T08:03:15Z
3742,9220,2010-05-08T22:42:37Z
8680,1388311,2010-08-31T01:03:06Z
6425,172572,2010-07-03T18:06:06Z
101640,661019,2010-05-27T17:12:17Z
5845,9225,2010-03-17T05:18:46Z
4466,18949,2010-04-26T00:32:25Z
29669,1442161,2010-07-15T09:04:18Z
2319,984944,2010-09-05T19:05:34Z
10222,13476,2009-11-18T03:28:39Z
3476,452573,2010-06-03T20:01:49Z
19574,827438,2010-05-02T22:59:45Z
108202,147120,2010-09-14T17:07:45Z
6738,98018,2010-01-31T14:43:05Z
55942,75955,2010-01-01T11:05:45Z
8667,78780,2010-06-26T00:47:22Z
25203,427772,2010-09-29T04:04:35Z
1075,1941432,2010-10-19T20:15:27Z
6135,197305,2010-04-09T03:58:31Z
112664,849454,2010-04-02T08:30:45Z
19194,1168998,2010-09-27T20:54:58Z
49624,312690,2010-07-19T18:23:07Z
11044,420059,2010-10-18T11:39:01Z
10938,56475,2009-12-12T17:45:38Z
104000,480193,2010-02-12T22:07:24Z
534,132869,2010-01-05T15:18:40Z
18430,1180981,2010-07-21T11:33:42Z
123684,251442,2010-09-25T20:50:54Z
11853,139320,2010-08-07T20:28:17Z
1725,570645,2010-08-30T13:10:29Z
104722,1502555,2010-08-25T20:08:44Z
2821,570519,2010-07-07T02:14:17Z
38436,3189039,2010-09-11T17:00:48Z
14633,1433904,2010-07-28T15:02:19Z
125365,226985,2010-03-09T16:54:16Z
19530,1547244,2010-08-02T17:52:55Z
103730,186764,2010-04-14T20:25:43Z
107,30723,2009-11-05T21:05:38Z
162066,256913,2010-10-06T13:04:49Z
585,30099,2009-10-16T23:32:12Z
3667,1087031,2010-05-08T21:23:01Z
124863,964206,2010-06-10T18:53:59Z
116,30905,2010-07-01T00:55:38Z
100119,512082,2010-02-05T22:40:15Z
106228,32127,2010-08-16T02:05:30Z
6239,21192,2010-04-29T18:41:41Z
2909,74242,2010-05-03T01:08:41Z
73253,133664,2010-03-29T01:08:07Z
10445,256032,2009-12-24T04:56:52Z
1100,62009,2010-06-14T19:32:04Z
118182,705628,2010-04-28T00:41:19Z
110073,182537,2010-05-10T15:28:01Z
10764,184021,2010-01-13T02:20:35Z
105761,83777,2010-08-15T15:08:07Z
5522,1010906,2010-05-31T13:41:01Z
33602,758476,2010-09-17T20:04:50Z
4923,10194,2009-05-01T18:20:01Z
11060,606038,2010-03-15T17:47:34Z
1641,1541250,2010-08-14T21:44:12Z
136185,95003,2010-04-23T16:00:28Z
3328,1163415,2010-07-05T23:38:20Z
783,495306,2010-09-01T13:19:23Z
1192,1261482,2010-06-11T22:50:43Z
158,53521,2009-12-27T21:55:22Z
39561,31286,2010-04-05T12:55:20Z
17415,872281,2010-08-15T01:55:48Z
63613,5173927,2010-10-09T00:42:08Z
11067,152499,2010-04-12T04:10:36Z
60497,35321,2010-03-02T21:12:19Z
38201,454866,2010-10-19T00:27:38Z
52600,571505,2010-09-09T08:29:47Z
4989,114547,2010-04-25T17:20:31Z
22142,62744,2010-05-09T00:33:50Z
1488,209560,2010-07-06T22:34:27Z
3667,32563,2010-09-14T00:51:23Z
1406,2131978,2010-10-08T02:01:47Z
5001,1389357,2010-07-05T04:54:59Z
2668,25161,2010-04-12T11:29:10Z
4989,129563,2009-12-20T02:47:47Z
144266,512431,2010-08-23T17:11:35Z
3624,1286700,2010-07-25T23:55:35Z
152611,250641,2010-03-09T11:51:32Z
19769,75353,2010-01-31T00:02:52Z
4799,1574059,2010-08-07T15:50:37Z
105866,528234,2010-06-18T04:47:42Z
19456,307925,2010-08-12T20:35:23Z
2822,1101910,2010-06-11T17:40:31Z
61325,1405724,2010-09-10T13:54:07Z
6135,24073,2010-06-26T19:33:42Z
4657,209723,2010-10-04T02:56:02Z
3944,19858,2010-06-22T12:47:33Z
38230,160455,2009-12-17T18:41:50Z
3128,117173,2010-09-15T19:12:23Z
82688,134382,2010-06-04T06:45:16Z
3340,443889,2010-08-28T17:48:15Z
14858,1162861,2010-09-10T05:52:40Z
10731,259928,2010-08-15T15:43:13Z
105583,511009,2010-02-27T17:44:40Z
109617,1977331,2010-09-27T15:03:19Z
1542,316545,2010-09-12T16:36:05Z
18881,29367,2010-09-09T05:18:53Z
110661,2114417,2010-10-04T21:36:16Z
6463,41936,2010-06-19T02:41:06Z
116267,292231,2010-03-11T23:49:24Z
3222,783296,2010-06-28T02:30:04Z
19278,634766,2010-06-16T13:59:11Z
33357,4182628,2010-09-21T23:38:09Z
2361,1176215,2010-07-17T00:31:47Z
158,9591,2010-04-06T20:03:12Z
5455,170849,2009-12-05T22:13:23Z
121693,420122,2010-05-09T09:32:26Z
4390,166667,2010-07-04T16:59:36Z
53808,363461,2010-01-11T14:57:57Z
1426,734395,2010-04-19T06:21:19Z
4368,35669,2010-06-04T00:13:54Z
1198,194273,2010-10-06T23:22:04Z
39561,498665,2010-02-18T20:25:10Z
38346,23482,2010-05-30T08:06:11Z
34886,347741,2010-10-17T02:39:29Z
2854,1575375,2010-09-10T13:32:34Z
37705,440096,2010-08-16T19:31:38Z
2360,244894,2010-04-12T07:25:43Z
5808,132152,2010-03-27T13:49:04Z
4792,65362,2009-12-15T00:54:33Z
4617,27881,2010-07-10T22:20:16Z
475,799512,2010-08-14T01:21:12Z
19687,583348,2010-06-18T01:10:35Z
38878,1062471,2010-09-29T17:56:05Z
19378,108288,2010-04-05T18:36:51Z
22388,95575,2010-04-24T13:17:56Z
1403,1483471,2010-08-11T16:28:08Z
1219,4529722,2010-09-28T16:39:38Z
11267,45815,2010-07-07T17:28:34Z
107939,328483,2010-09-29T14:43:42Z
1542,1140830,2010-09-15T16:40:55Z
9877,207510,2010-03-10T00:01:03Z
5980,49357,2009-12-01T01:34:39Z
10928,55033,2009-12-02T20:32:24Z
1351,1474802,2010-07-29T12:44:52Z
4368,11040,2010-01-20T22:08:21Z
3010,863422,2010-04-03T18:04:00Z
104165,959289,2010-08-04T09:49:09Z
70573,1927962,2010-08-17T11:40:43Z
5862,482742,2010-08-27T02:38:21Z
19194,594198,2010-07-06T21:23:24Z
1198,264543,2010-07-17T18:11:20Z
11093,180093,2010-01-16T21:28:05Z
3342,290128,2010-05-31T17:18:39Z
106105,1462087,2010-09-19T13:24:34Z
29348,18207,2010-03-30T02:46:19Z
19709,195641,2010-04-05T11:22:41Z
984,1318335,2010-07-09T16:14:46Z
10374,103609,2010-08-24T20:26:07Z
157758,40654,2010-04-24T22:28:21Z
125243,914143,2010-08-09T03:36:33Z
20846,1401776,2010-08-03T16:43:01Z
1251,1002718,2010-06-24T19:32:32Z
19914,105424,2010-03-24T07:22:03Z
17843,795830,2010-08-30T06:02:56Z
10359,783489,2010-03-24T15:27:48Z
5920,186646,2010-01-13T20:59:43Z
19124,943150,2010-06-18T00:49:02Z
105116,1810544,2010-08-15T05:28:38Z
48473,1316151,2010-06-21T06:03:41Z
18595,1352537,2010-08-03T10:32:20Z
117263,1482443,2010-08-23T12:07:51Z
521,230756,2010-02-20T11:50:25Z
169663,198963,2010-07-23T14:35:27Z
460,9410,2010-01-30T21:16:30Z
1786,1426074,2010-07-12T00:13:24Z
5689,1067829,2010-09-26T16:49:34Z
825,612316,2010-04-30T00:30:36Z
19490,938173,2010-04-21T12:37:14Z
443,43246,2010-06-05T03:35:15Z
3245,258141,2009-12-31T23:37:41Z
491,17630,2009-10-06T17:07:02Z
38521,160277,2010-02-03T18:04:17Z
28932,338623,2010-01-07T15:08:17Z
4817,527951,2010-03-02T15:28:09Z
1618,441517,2010-06-13T21:03:09Z
47350,38360,2010-04-30T09:28:33Z
4308,189745,2010-05-04T16:14:47Z
64395,597709,2010-07-29T07:58:44Z
10731,1718776,2010-08-17T23:19:31Z
12788,214472,2010-01-29T18:10:20Z
256,21991,2010-08-15T23:39:41Z
20314,767308,2010-03-29T15:50:36Z
4517,23256,2010-07-10T05:35:08Z
2363,577618,2010-07-02T20:11:18Z
6153,26530,2009-11-18T17:23:24Z
4860,1198731,2010-08-29T19:06:40Z
10368,290800,2010-04-01T17:09:39Z
150313,228566,2010-02-12T16:26:43Z
4730,22346,2010-10-03T13:14:14Z
49980,798693,2010-10-12T21:09:30Z
15388,804300,2010-08-17T08:08:14Z
109639,453822,2010-03-11T02:40:46Z
4607,907531,2010-10-11T20:08:40Z
2751,3208884,2010-09-06T03:13:42Z
112806,1020994,2010-04-27T02:02:39Z
401,9848,2010-06-27T19:09:53Z
126194,179573,2010-01-21T16:11:52Z
16292,36192,2010-07-18T22:32:02Z
4804,29068,2009-09-25T22:57:58Z
179156,86666,2009-11-22T02:03:32Z
486,669960,2010-05-29T19:42:05Z
11482,189879,2010-06-08T16:50:00Z
282,25752,2010-04-07T15:31:00Z
18412,570500,2010-02-23T15:36:05Z
1488,280165,2010-07-01T18:12:20Z
19650,19542,2010-04-07T04:27:51Z
152193,84396,2010-02-24T11:48:38Z
107874,66418,2010-07-06T12:26:46Z
7414,577336,2010-07-18T02:20:41Z
38992,67586,2010-03-18T15:30:23Z
52428,106343,2010-09-04T13:12:57Z
10857,18121,2010-10-10T23:11:06Z
12951,4067734,2010-10-05T20:52:36Z
1251,3800991,2010-09-30T16:55:12Z
4770,58709,2010-10-05T19:57:40Z
1174,1597813,2010-08-31T23:31:43Z
39729,82342,2010-01-14T10:47:44Z
10445,585120,2010-03-01T06:24:57Z
6798,208325,2010-03-06T00:46:51Z
109259,46152,2010-02-19T08:00:40Z
12893,669590,2010-07-17T12:56:20Z
5097,14515,2010-02-03T20:07:56Z
3128,253557,2010-04-25T20:18:12Z
573,420315,2010-07-16T14:23:36Z
5479,78601,2009-11-04T21:00:02Z
241,787206,2010-08-26T02:44:00Z
3295,985274,2010-09-14T15:00:35Z
11027,991381,2010-07-29T01:06:28Z
137396,544164,2010-06-09T22:39:16Z
842,732379,2010-09-26T15:19:19Z
29522,71180,2010-06-14T17:16:57Z
10971,81515,2010-01-29T17:37:57Z
51905,115212,2010-06-18T13:03:47Z
1180,75052,2010-07-18T00:52:10Z
640,1271217,2010-10-15T15:33:51Z
4930,446390,2010-09-10T20:17:04Z
67049,1299887,2010-06-18T14:57:56Z
1685,633266,2010-07-18T09:02:13Z
49791,641504,2010-07-29T23:25:44Z
3279,209379,2010-07-28T17:18:46Z
2211,15383,2010-09-07T00:33:45Z
175,60122,2010-04-04T15:22:35Z
4929,1109314,2010-06-07T14:37:20Z
4855,48319,2009-10-24T23:48:35Z
27011,532353,2010-02-09T15:18:02Z
552,204264,2010-09-11T09:32:40Z
1256,1104537,2010-07-02T17:30:28Z
175,111311,2010-06-08T14:43:04Z
874,575413,2010-07-02T22:42:39Z
24104,606107,2010-05-13T17:21:12Z
4956,1230193,2010-06-20T12:53:00Z
3631,200213,2010-01-17T15:59:32Z
16662,11888,2010-07-31T00:21:21Z
178800,1034120,2010-10-03T16:35:44Z
103242,380338,2010-08-21T13:12:15Z
38364,97066,2010-04-12T04:24:14Z
114467,489225,2010-02-09T09:31:44Z
350,27861,2009-10-18T00:15:43Z
551,434566,2010-02-24T20:20:29Z
10393,75121,2009-11-02T18:54:13Z
4496,332790,2010-04-07T17:44:07Z
121461,347536,2010-04-11T23:03:28Z
10751,50751,2010-03-29T00:43:20Z
14553,28277,2010-03-14T14:41:45Z
109866,890391,2010-10-12T10:04:30Z
6484,9241,2010-07-03T00:45:59Z
108117,478793,2010-04-24T13:37:49Z
2858,10259,2010-06-07T10:23:19Z
3165,1265923,2010-10-02T23:17:01Z
3842,900092,2010-04-09T00:09:00Z
14967,1443133,2010-10-03T17:13:58Z
2305,591130,2010-09-01T02:38:30Z
29305,394092,2010-10-07T22:19:13Z
1176,298129,2010-09-07T05:42:08Z
726,116100,2010-06-05T08:50:17Z
107180,1036403,2010-05-30T19:31:44Z
2583,218590,2010-01-04T04:22:44Z
4880,232260,2010-03-12T02:46:48Z
18415,526727,2010-09-20T16:02:06Z
12799,204023,2010-10-15T09:08:46Z
578,253198,2010-06-25T20:56:50Z
107802,511636,2010-10-15T12:44:27Z
126335,319857,2010-01-03T20:54:23Z
89509,1532629,2010-09-22T14:59:58Z
3236,1218545,2010-06-03T21:12:41Z
12934,1445372,2010-07-15T20:35:14Z
4302,21215,2010-02-24T22:48:28Z
15731,77080,2010-03-27T18:14:01Z
143295,198237,2010-02-18T11:08:00Z
3448,360776,2010-10-17T15:31:35Z
29002,156504,2010-10-02T18:38:44Z
3756,544304,2010-03-11T19:23:24Z
49980,1707282,2010-10-10T10:15:00Z
3756,453474,2010-03-14T23:41:15Z
109706,185308,2010-02-11T15:39:36Z
48534,575167,2010-05-12T04:21:46Z
49370,566298,2010-10-09T19:34:28Z
10368,104525,2010-07-09T17:17:51Z
2100,3419785,2010-09-28T21:50:12Z
375,22071,2010-07-18T20:36:04Z
3667,91999,2010-09-10T14:35:10Z
343,22575,2009-09-01T23:38:41Z
38121,333843,2010-09-08T18:56:23Z
29225,407266,2010-06-01T04:00:24Z
6038,96406,2009-11-22T01:36:53Z
49793,828799,2010-09-16T09:36:19Z
14443,811106,2010-03-27T20:46:26Z
350,13875,2009-09-14T13:54:50Z
1108,63805,2010-08-24T16:46:35Z
1695,793652,2010-08-19T17:24:12Z
4165,12405,2010-02-06T18:15:12Z
457,898976,2010-04-08T20:47:18Z
19177,121279,2010-07-05T09:09:13Z
11109,57961,2010-06-18T23:03:11Z
19404,35446,2010-02-04T20:35:23Z
6116,20045,2010-02-25T21:26:16Z
104674,419617,2010-02-12T17:49:09Z
8237,4097283,2010-10-20T13:36:11Z
170,40762,2010-09-06T22:03:15Z
107599,1043183,2010-05-01T05:44:09Z
25185,677919,2010-03-31T00:32:00Z
100174,93690,2010-10-12T21:00:17Z
126712,59384,2009-12-26T00:48:50Z
446,14189,2010-05-15T22:59:50Z
2500,53862,2010-06-14T22:07:18Z
515,24386,2010-07-06T10:27:02Z
5604,9114,2010-01-12T22:13:04Z
106567,241528,2010-02-28T17:57:58Z
620,1422837,2010-07-11T09:03:43Z
10393,216195,2010-07-26T06:35:42Z
985,3315294,2010-09-07T23:32:35Z
49920,93503,2010-03-05T07:49:24Z
103854,1216206,2010-06-03T13:20:57Z
401,9411,2010-10-10T19:51:08Z
10727,710551,2010-07-11T20:51:26Z
2631,323284,2010-08-13T04:36:26Z
127119,15023,2010-04-14T05:51:54Z
124196,288972,2010-04-08T16:25:00Z
19385,386326,2010-09-20T16:15:46Z
142722,659913,2010-03-07T05:47:46Z
4466,19943,2010-09-18T01:21:07Z
110557,1255882,2010-09-29T20:49:26Z
6155,942367,2010-05-01T22:55:32Z
2521,168673,2009-12-05T15:45:27Z
122640,1146205,2010-05-23T11:34:56Z
33747,575283,2010-03-30T09:49:57Z
521,216485,2010-01-18T02:49:52Z
107180,611676,2010-02-25T22:46:51Z
38481,1602732,2010-09-01T10:09:26Z
19177,300756,2010-07-07T15:47:05Z
40967,108699,2010-09-22T08:57:10Z
2854,187895,2010-07-14T16:06:28Z
19163,183257,2010-09-07T13:01:45Z
90884,1013834,2010-10-16T22:50:38Z
469,872782,2010-04-04T19:29:04Z
1052,399758,2010-08-14T02:09:58Z
103924,144131,2010-01-30T21:01:38Z
19456,790110,2010-10-13T16:32:05Z
13786,825408,2010-03-31T19:01:14Z
2798,1124021,2010-08-07T13:03:56Z
3339,456691,2010-08-08T16:39:27Z
107466,958320,2010-07-28T10:06:05Z
5604,251964,2010-01-11T23:31:09Z
521,44991,2010-04-13T15:07:10Z
110290,65008,2010-06-16T12:41:48Z
1922,1150983,2010-08-26T00:50:10Z
100899,1291283,2010-06-16T21:35:36Z
108860,815182,2010-04-27T16:54:44Z
10727,854104,2010-06-02T13:03:23Z
19096,25427,2010-03-14T14:14:54Z
12876,17046,2010-05-17T22:04:32Z
19530,483853,2010-01-31T11:21:33Z
105530,645913,2010-06-25T03:14:16Z
3231,94435,2009-11-22T02:37:42Z
109090,2262600,2010-09-17T17:47:25Z
18303,640406,2010-06-11T20:50:26Z
887,498922,2010-06-19T05:12:22Z
2360,134339,2010-04-28T11:48:03Z
19074,1134004,2010-06-28T17:54:26Z
2632,46904,2010-03-01T00:59:55Z
1069,1431301,2010-07-12T22:56:31Z
1351,1199578,2010-07-07T21:34:54Z
104251,48617,2010-09-04T17:38:23Z
19164,524469,2010-09-19T15:50:34Z
135195,295640,2010-10-14T20:15:56Z
4466,490882,2010-04-30T03:34:40Z
19074,515611,2010-09-04T11:01:01Z
19096,461604,2010-03-06T03:31:14Z
19401,452307,2010-04-30T07:18:47Z
489,46326,2010-06-18T19:02:39Z
48312,1080010,2010-07-08T10:13:46Z
125243,2478211,2010-09-02T21:55:17Z
14435,870145,2010-08-12T16:01:57Z
1695,299400,2010-09-18T04:26:32Z
48699,522433,2010-10-06T11:21:14Z
98,939101,2010-04-14T14:39:17Z
3842,839201,2010-06-03T23:55:39Z
113962,126294,2010-08-24T16:33:56Z
18916,1572815,2010-08-18T11:07:33Z
105530,729488,2010-06-19T16:10:36Z
19177,1119711,2010-07-12T16:00:11Z
100119,723885,2010-06-21T23:13:31Z
108555,20887,2010-08-16T23:05:12Z
3631,375657,2010-01-20T16:33:45Z
976,245835,2010-06-21T15:03:19Z
39612,105813,2009-12-08T20:21:58Z
6266,27231,2010-07-04T22:48:26Z
993,1488457,2010-08-04T22:20:19Z
18931,58725,2010-08-27T09:42:48Z
337,98809,2010-03-21T00:40:42Z
1827,94748,2010-10-10T20:07:26Z
58215,72911,2010-04-05T04:47:59Z
135,1371298,2010-07-15T15:42:49Z
3384,17918,2010-06-16T17:33:04Z
209,178030,2010-02-13T02:45:38Z
186939,188680,2010-05-21T21:07:53Z
18755,273821,2009-12-26T20:33:15Z
3328,1574012,2010-10-02T16:58:56Z
118351,325487,2010-04-01T11:13:35Z
11067,329233,2010-04-06T14:13:09Z
8404,1330173,2010-08-22T13:38:28Z
18916,950621,2010-09-24T10:49:00Z
3054,223617,2010-07-21T16:55:58Z
3395,336305,2010-03-31T22:20:21Z
4790,57068,2010-01-31T23:33:25Z
2714,1355850,2010-07-02T22:59:50Z
18830,1084514,2010-08-27T14:35:19Z
38201,601663,2010-10-10T05:05:58Z
573,18415,2010-08-08T00:14:57Z
140814,1555322,2010-09-20T07:40:50Z
48709,829215,2010-09-25T01:13:09Z
80005,1076284,2010-07-04T12:22:19Z
48534,575167,2010-09-02T08:39:47Z
620,53626,2010-10-18T00:01:53Z
10582,617430,2010-05-21T21:08:35Z
6447,494911,2010-03-05T23:36:36Z
29492,10067,2010-09-06T19:19:26Z
6794,245185,2010-04-14T21:41:15Z
38546,43787,2010-01-10T18:24:25Z
33158,655910,2010-07-03T00:37:26Z
38217,26090,2010-05-02T18:29:52Z
19456,155594,2010-09-23T07:14:04Z
1251,807485,2010-09-19T14:53:30Z
49177,36494,2010-06-09T15:18:28Z
54742,55033,2010-03-17T06:45:07Z
111565,603802,2010-06-06T01:11:24Z
2413,443725,2010-08-27T04:17:58Z
1440,975034,2010-09-01T22:22:12Z
4900,437617,2010-02-05T17:37:32Z
3631,253400,2010-06-19T18:26:26Z
91873,111174,2010-03-14T01:28:39Z
19378,75230,2010-05-14T15:50:39Z
49152,37669,2010-09-26T11:33:22Z
5908,1959931,2010-08-18T05:21:20Z
756,25678,2010-10-15T05:46:04Z
887,1432092,2010-07-13T04:56:45Z
4794,382469,2010-09-04T01:00:18Z
1721,172166,2010-09-07T00:29:03Z
99593,958065,2010-06-08T17:22:47Z
19156,1089426,2010-06-21T15:55:26Z
35141,532160,2010-06-30T17:20:49Z
10764,570749,2010-03-04T02:26:25Z
680,616216,2010-04-04T23:46:42Z
2500,601796,2010-06-14T20:23:05Z
9622,10654,2010-04-21T03:17:56Z
1776,922235,2010-09-21T22:14:57Z
241,11543,2010-09-02T19:21:30Z
39770,135152,2010-08-04T06:49:00Z
39717,33472,2010-09-15T18:34:54Z
3955,61904,2009-10-30T05:56:39Z
104080,57598,2010-02-21T22:44:06Z
5975,1029667,2010-08-19T14:27:45Z
106784,422711,2010-08-22T03:34:54Z
25459,50284,2010-08-31T01:17:55Z
18702,5526826,2010-10-15T15:00:09Z
1827,717025,2010-08-20T03:43:09Z
13107,1464524,2010-07-18T23:44:22Z
109821,31238,2010-08-05T17:52:32Z
3395,131320,2010-05-21T17:34:40Z
107297,795090,2010-09-25T11:41:22Z
112491,1094820,2010-05-10T16:13:49Z
3935,338664,2010-03-20T16:52:35Z
33491,3122286,2010-09-05T20:48:55Z
110858,395303,2010-03-19T19:52:48Z
578,11844,2010-07-21T16:55:07Z
108494,351323,2010-02-17T13:26:03Z
1671,4106593,2010-09-20T15:13:09Z
105022,703629,2010-02-18T23:11:16Z
28804,257956,2010-01-02T04:39:24Z
4435,185463,2010-03-16T00:37:21Z
1251,1411733,2010-08-07T20:34:06Z
19768,278321,2010-03-01T11:28:54Z
104685,608782,2010-04-12T09:04:05Z
99902,179776,2010-06-19T21:46:12Z
19585,900320,2010-10-02T15:41:23Z
129399,452106,2010-04-08T13:09:16Z
18931,1235319,2010-08-19T11:30:37Z
1773,9258,2010-03-17T16:24:08Z
5994,399896,2010-08-06T18:59:47Z
4244,9153,2010-05-02T00:17:26Z
173236,1017032,2010-04-27T10:00:48Z
4835,532287,2010-05-31T17:35:31Z
176583,3356446,2010-10-16T17:11:35Z
12020,166025,2010-09-26T23:52:24Z
1405,267882,2010-05-23T03:05:25Z
576,23351,2009-09-24T06:36:08Z
4781,9467,2010-06-24T15:21:45Z
976,28984,2010-01-04T22:40:26Z
19755,703242,2010-08-28T17:56:18Z
5243,704674,2010-03-14T22:59:06Z
168503,167565,2009-12-12T21:58:41Z
118446,155042,2010-06-30T20:43:42Z
1203,905577,2010-04-14T22:37:51Z
4913,123128,2009-12-11T16:37:27Z
9622,331268,2010-06-08T15:15:14Z
16936,140924,2010-08-25T09:50:57Z
54444,805700,2010-07-04T19:58:47Z
10730,106555,2010-10-07T14:45:47Z
5576,9302,2010-03-14T03:41:15Z
3010,514288,2010-02-06T07:44:22Z
112769,52683,2010-08-07T21:49:49Z
218,655509,2010-09-02T23:13:28Z
99782,75673,2010-06-26T19:04:35Z
1627,174879,2010-09-03T14:06:17Z
34039,115847,2010-06-25T16:40:57Z
4616,279808,2009-12-27T21:08:00Z
143249,188796,2010-07-15T10:45:44Z
976,1259044,2010-06-29T22:48:36Z
1618,823477,2010-08-09T23:24:49Z
109706,680072,2010-03-21T15:05:24Z
18830,80090,2010-09-02T13:37:08Z
3438,1140228,2010-07-27T18:33:06Z
2,1073262,2010-09-06T00:27:36Z
2361,86578,2010-09-04T17:21:53Z
1198,156114,2010-07-17T23:16:44Z
1922,91177,2010-08-25T23:38:36Z
110079,1496103,2010-07-24T18:49:03Z
107607,512959,2010-10-02T21:33:05Z
38421,708111,2010-03-14T14:05:47Z
10374,23511,2010-09-22T20:05:19Z
101122,1259583,2010-10-05T13:08:26Z
10904,244715,2010-07-10T02:12:08Z
4717,23041,2010-10-03T00:51:24Z
3180,1032182,2010-09-27T14:09:43Z
117277,996972,2010-08-03T12:51:53Z
4883,318582,2010-07-01T20:06:29Z
10812,1157823,2010-05-22T23:37:35Z
2884,711538,2010-06-08T23:31:26Z
109236,89119,2010-08-31T07:20:38Z
4860,242169,2010-05-30T19:47:52Z
3351,1587346,2010-09-20T17:28:54Z
39579,1590854,2010-09-09T15:19:17Z
1671,3958929,2010-09-19T17:13:42Z
914,90460,2010-02-12T23:49:11Z
103567,448673,2010-02-15T16:46:31Z
45361,24963,2010-10-17T21:43:55Z
18931,80595,2010-07-08T11:12:50Z
2704,144363,2010-10-09T16:56:02Z
19490,756764,2010-05-12T05:22:46Z
19867,664492,2010-03-08T01:35:42Z
3817,17004,2010-01-21T13:57:21Z
534,348251,2010-02-20T04:03:58Z
108660,1351141,2010-08-28T18:13:10Z
9078,33472,2010-10-03T11:22:02Z
49383,21208,2010-09-17T16:33:24Z
2875,1056278,2010-07-01T20:54:12Z
18936,1470042,2010-09-17T09:17:20Z
5980,268275,2009-12-25T11:36:20Z
4858,95382,2009-11-22T14:09:37Z
993,1490059,2010-08-04T22:27:17Z
2714,305904,2010-09-11T23:21:33Z
588,13047,2009-12-16T20:15:22Z
3384,372338,2010-08-01T00:14:24Z
44257,1596905,2010-08-11T14:24:56Z
19401,1246987,2010-06-15T21:24:02Z
29485,779557,2010-04-14T22:26:17Z
111,374380,2010-10-07T22:07:34Z
31767,33472,2010-07-01T04:10:56Z
11019,659802,2010-06-04T17:23:30Z
2366,147917,2009-11-30T00:22:53Z
1426,825747,2010-04-17T07:21:47Z
1554,143121,2010-10-13T17:14:20Z
104124,564100,2010-06-28T15:01:10Z
152688,409867,2010-09-27T21:44:25Z
113434,300620,2010-06-04T23:13:04Z
4489,156391,2010-03-31T17:35:38Z
54226,691400,2010-05-16T14:44:25Z
14896,333677,2010-09-08T03:09:58Z
93662,576389,2010-06-11T13:49:08Z
10657,825130,2010-10-09T10:44:51Z
18931,781886,2010-08-18T11:47:40Z
57626,986380,2010-04-21T17:48:30Z
756,25678,2010-08-25T17:51:54Z
14447,1012838,2010-07-19T21:14:37Z
4738,846303,2010-04-01T20:17:17Z
19177,1150332,2010-07-23T05:35:48Z
132054,1060151,2010-05-03T20:23:18Z
4906,458823,2010-02-02T16:11:28Z
4906,335699,2010-01-22T21:13:23Z
59790,1028682,2010-07-30T16:31:13Z
20846,4460292,2010-09-30T12:55:14Z
4907,75611,2009-12-01T22:54:33Z
35207,655863,2010-04-17T19:12:58Z
4958,655565,2010-06-14T18:52:45Z
1108,92464,2009-11-11T01:42:09Z
7122,19394,2009-11-04T18:36:20Z
4161,330236,2010-09-21T13:55:27Z
2251,564140,2010-08-25T10:00:08Z
117492,950557,2010-04-16T18:26:01Z
35803,75220,2010-08-07T00:52:43Z
19096,685979,2010-03-12T20:15:26Z
47185,1386986,2010-10-01T12:11:48Z
14745,1055371,2010-05-13T14:36:35Z
38428,506206,2010-03-16T15:20:51Z
118661,689712,2010-05-07T01:48:56Z
106429,743012,2010-08-21T01:24:50Z
1388,133197,2010-07-08T22:43:18Z
3012,44437,2009-10-11T20:32:53Z
569,632895,2010-03-24T16:45:58Z
149121,592856,2010-10-15T14:57:55Z
2562,459109,2010-06-17T22:48:28Z
27543,681442,2010-10-02T19:23:50Z
687,816573,2010-08-17T05:43:22Z
2100,993000,2010-09-28T21:48:45Z
11019,1213970,2010-07-08T16:33:57Z
786,492182,2010-02-19T21:04:35Z
4893,82987,2009-12-19T03:09:55Z
14480,1274177,2010-07-30T12:19:14Z
4302,299638,2010-03-11T18:04:32Z
16113,365130,2010-09-01T06:26:09Z
14446,21003,2010-06-08T16:31:25Z
4900,328865,2010-02-26T19:14:14Z
38201,580213,2010-08-17T12:46:19Z
31839,343048,2010-03-13T02:49:59Z
34352,725005,2010-05-12T21:03:54Z
16936,223012,2010-06-19T09:10:19Z
4657,771024,2010-07-19T17:49:32Z
19378,825793,2010-10-11T17:54:51Z
120600,351134,2010-03-24T18:47:42Z
19074,110124,2010-03-12T13:56:22Z
150401,103182,2010-10-09T14:48:36Z
6288,93835,2010-07-02T23:45:35Z
43823,688079,2010-07-20T13:55:19Z
346,157110,2010-03-17T20:13:23Z
49398,42503,2010-06-16T12:26:52Z
11957,76358,2010-08-29T09:37:24Z
53,162408,2010-06-13T22:14:13Z
3206,556699,2010-03-19T06:29:36Z
14443,1565383,2010-10-16T20:43:19Z
49804,92710,2010-09-03T21:45:07Z
460,36991,2009-10-28T22:00:20Z
15061,512537,2010-09-30T14:28:38Z
71162,28291,2010-06-09T21:08:04Z
22904,490619,2010-06-11T19:22:08Z
118931,215314,2010-02-24T01:43:00Z
576,26149,2009-09-20T16:23:00Z
3206,9226,2010-08-09T21:32:39Z
114791,793332,2010-09-01T19:29:26Z
49410,315237,2010-05-27T00:49:51Z
19156,781153,2010-05-19T06:54:27Z
102889,1463716,2010-07-18T20:31:21Z
110073,836934,2010-03-31T15:15:45Z
142633,652777,2010-09-18T17:55:16Z
189379,19480,2010-07-23T13:35:15Z
1153,4665020,2010-10-02T04:25:57Z
551,14628,2010-02-05T19:10:57Z
576,253044,2009-12-23T21:37:52Z
164,163779,2010-02-01T19:55:36Z
141720,1070675,2010-09-02T06:38:44Z
728,1047320,2010-10-12T14:01:43Z
103898,258284,2010-01-07T22:27:04Z
33975,1558089,2010-08-23T23:08:22Z
10730,190787,2010-04-13T21:49:51Z
4485,39988,2010-07-30T03:03:36Z
4585,39421,2009-10-07T16:50:37Z
2875,30457,2010-10-17T14:25:10Z
112806,942583,2010-04-28T03:59:08Z
39727,302617,2010-01-12T10:44:37Z
241,907844,2010-08-22T20:38:16Z
9622,1207383,2010-10-14T16:20:12Z
3228,871647,2010-07-26T18:37:45Z
267,101371,2010-09-13T15:41:26Z
109236,77986,2010-09-28T17:31:21Z
49918,271508,2010-09-10T12:34:57Z
3935,717265,2010-04-10T20:37:46Z
66503,1111603,2010-08-26T12:43:26Z
3756,18121,2010-07-03T02:32:11Z
3413,434619,2010-09-18T01:55:56Z
118278,124175,2010-09-27T06:16:46Z
147114,1059488,2010-07-04T16:00:44Z
12694,1061262,2010-05-05T03:30:33Z
126894,897864,2010-05-06T17:40:56Z
109617,1977331,2010-10-12T16:17:47Z
11896,45179,2009-12-04T20:22:13Z
4793,72037,2009-11-22T15:46:39Z
39215,84405,2010-09-15T12:28:43Z
8492,223407,2010-10-07T16:08:10Z
19177,451153,2010-06-30T06:10:35Z
166538,1156772,2010-07-26T13:49:42Z
49968,373505,2010-02-20T18:07:27Z
4161,321560,2010-10-12T20:34:42Z
687,1121806,2010-09-10T18:29:07Z
1546,569014,2010-06-05T21:17:38Z
12835,1233824,2010-06-06T07:07:53Z
5479,1023313,2010-09-03T20:08:18Z
70884,40392,2010-03-10T01:09:04Z
119314,920631,2010-09-22T11:24:47Z
1474,648665,2010-04-23T14:36:59Z
106122,235346,2010-09-03T11:26:32Z
130215,328176,2010-10-07T12:44:15Z
132304,528007,2010-09-28T18:54:15Z
346,507282,2010-03-01T22:35:54Z
475,1128681,2010-08-16T19:22:56Z
53,26286,2010-04-08T14:11:51Z
3463,54214,2010-08-06T02:17:36Z
472,22744,2010-04-29T02:41:01Z
3328,1228195,2010-08-07T01:07:15Z
4627,14244,2009-10-24T17:34:41Z
127989,844527,2010-04-01T16:35:19Z
10445,607203,2010-03-04T05:16:51Z
3207,381215,2010-06-27T21:53:43Z
11019,542687,2010-06-13T05:40:49Z
20106,516034,2010-02-06T15:05:52Z
854,1382311,2010-07-13T15:59:38Z
49101,439127,2010-05-01T16:10:39Z
105286,105291,2010-09-10T16:25:32Z
104124,564100,2010-07-02T18:11:00Z
109724,403329,2010-02-14T20:42:56Z
4858,182745,2009-12-09T16:02:12Z
6425,1205797,2010-07-20T00:04:16Z
776,99077,2010-09-26T11:47:54Z
2357,190562,2010-09-04T17:32:11Z
141215,1006352,2010-05-29T15:43:15Z
112076,545001,2010-04-09T12:27:38Z
109724,44818,2010-02-08T18:06:07Z
116441,260538,2010-06-12T01:15:15Z
1274,190562,2009-12-18T16:29:49Z
108582,296001,2010-08-04T01:58:20Z
19693,941642,2010-06-08T10:37:29Z
2095,339822,2010-09-18T22:55:02Z
4466,566798,2010-07-18T20:57:52Z
1324,1141008,2010-08-22T18:31:45Z
6425,923763,2010-06-01T22:33:20Z
658,217664,2010-06-18T17:14:32Z
1359,363750,2010-07-10T00:46:07Z
1766,241229,2009-12-20T16:41:33Z
36617,774049,2010-07-02T18:46:05Z
18462,73633,2010-06-11T17:40:24Z
107607,757862,2010-06-02T16:23:24Z
2727,4644235,2010-10-06T19:55:06Z
19603,648924,2010-06-04T18:24:33Z
332,1102213,2010-08-22T11:03:00Z
11352,382099,2010-01-15T21:37:42Z
106447,330167,2010-02-08T18:40:11Z
154081,2015224,2010-08-23T17:05:12Z
124,149355,2010-04-07T15:32:28Z
2845,656242,2010-08-24T21:54:13Z
2344,1180711,2010-06-04T22:27:02Z
443,492710,2010-06-28T13:05:51Z
124,19542,2009-11-18T23:41:37Z
10762,471200,2010-08-04T13:02:15Z
408,106933,2010-01-02T18:26:18Z
3210,449177,2010-06-05T04:33:28Z
19947,1343345,2010-08-07T23:22:15Z
3331,364693,2010-04-25T19:08:09Z
3128,28459,2009-10-30T20:19:17Z
18931,73120,2010-07-07T10:13:35Z
4849,26115,2009-09-20T13:14:07Z
38495,394104,2010-01-18T16:38:30Z
10911,162972,2010-01-18T08:30:01Z
19709,195641,2010-05-08T14:52:28Z
4570,90231,2010-03-30T07:24:18Z
3255,1301196,2010-06-18T18:51:20Z
1080,4503972,2010-09-26T20:38:09Z
121453,1050769,2010-10-16T23:28:09Z
77288,1602276,2010-09-17T23:20:02Z
121693,679952,2010-07-23T12:09:40Z
1584,36396,2010-07-29T06:25:02Z
119280,194431,2010-02-18T16:46:29Z
120626,583480,2010-05-25T12:38:08Z
3236,854449,2010-06-14T19:40:50Z
3167,96806,2010-09-12T21:05:05Z
15249,285436,2010-03-13T21:27:19Z
1578,72033,2010-09-27T03:02:26Z
6311,1352013,2010-08-15T23:29:12Z
1583,466818,2010-09-16T16:08:18Z
125152,1424039,2010-09-16T18:34:31Z
10837,637949,2010-09-22T06:03:38Z
135842,1221624,2010-09-10T09:00:18Z
20793,3299410,2010-09-07T17:20:53Z
10677,863559,2010-04-18T10:58:26Z
138586,74651,2010-01-28T17:23:07Z
1176,319022,2010-02-23T20:28:14Z
19709,152557,2010-10-18T08:06:33Z
28273,846106,2010-07-09T23:24:29Z
6153,673809,2010-03-19T03:56:08Z
490,9299,2010-07-21T03:15:11Z
10812,9410,2010-06-28T11:46:38Z
10142,350114,2010-01-09T13:04:41Z
80763,634975,2010-08-01T15:50:23Z
2941,88685,2010-08-30T22:19:26Z
4900,418733,2010-01-20T23:15:56Z
2638,111573,2010-06-18T23:55:17Z
34145,1468887,2010-07-31T22:29:23Z
165630,306934,2010-10-10T12:08:31Z
1468,115442,2010-09-15T10:21:05Z
99811,251170,2010-03-07T12:25:07Z
2372,1327039,2010-10-04T12:42:17Z
476,22833,2009-11-04T17:32:38Z
1146,993730,2010-06-09T23:32:41Z
120262,120146,2010-01-21T15:58:10Z
109617,77684,2010-09-01T10:14:32Z
3279,161008,2010-09-23T19:53:24Z
125165,284226,2010-10-05T12:09:21Z
105080,1113360,2010-05-16T09:05:12Z
6155,123455,2010-04-19T23:10:43Z
10335,43045,2010-07-16T01:43:09Z
19603,373301,2010-04-03T16:06:46Z
1307,147573,2010-09-20T22:04:21Z
164,152743,2010-01-17T18:29:17Z
3087,956346,2010-08-29T14:52:08Z
170,34945,2010-08-28T23:40:49Z
29557,595280,2010-05-17T18:40:49Z
15257,40016,2010-01-09T03:57:43Z
3665,629413,2010-03-03T00:56:46Z
54085,1299237,2010-08-28T21:35:14Z
1198,702911,2010-07-09T23:50:29Z
2729,948571,2010-06-08T18:14:14Z
3295,184301,2010-04-23T17:45:00Z
1759,45144,2010-03-31T00:53:52Z
680,157116,2010-04-25T17:50:56Z
107180,681088,2010-07-06T11:37:13Z
680,92581,2010-04-02T18:00:19Z
33661,1256094,2010-07-31T22:20:11Z
947,80772,2010-05-21T14:31:21Z
130,293137,2009-12-30T01:09:28Z
16464,1476899,2010-07-21T14:19:02Z
112029,1340751,2010-06-26T17:32:56Z
106155,110812,2010-09-18T18:30:16Z
4283,177713,2010-03-24T23:53:55Z
244,245969,2010-02-27T03:27:50Z
71124,1237234,2010-09-26T19:12:06Z
79484,42113,2010-04-18T06:16:35Z
106940,1022506,2010-07-04T12:57:47Z
29135,212010,2010-03-04T11:13:58Z
81478,1289524,2010-09-07T14:46:14Z
110523,523134,2010-08-10T12:03:58Z
8148,1250234,2010-06-09T18:08:58Z
16624,2964331,2010-09-09T02:42:14Z
11060,151902,2010-02-10T05:56:39Z
37428,1138383,2010-07-26T00:29:17Z
33480,12921,2010-04-26T18:43:45Z
12370,837829,2010-10-17T00:48:14Z
101734,1487001,2010-09-07T11:04:03Z
11060,680922,2010-03-15T01:18:29Z
100607,970428,2010-06-18T15:35:12Z
3229,266141,2009-12-24T20:50:13Z
1479,1213799,2010-08-03T19:21:51Z
139965,894546,2010-07-13T18:30:09Z
44319,166160,2010-08-18T00:55:21Z
2972,1328742,2010-06-27T23:52:00Z
18714,634131,2010-08-24T12:37:06Z
128854,12207,2009-12-10T00:28:40Z
620,3330551,2010-09-16T12:05:52Z
654,228029,2010-08-10T17:04:20Z
19456,362293,2010-08-26T16:59:06Z
2355,44898,2010-02-15T07:59:51Z
49415,1232794,2010-06-07T03:47:48Z
18352,1140625,2010-06-04T18:55:05Z
28765,287093,2010-01-02T20:36:03Z
831,22184,2010-08-02T08:25:42Z
661,730828,2010-08-15T13:10:09Z
19538,1212114,2010-06-02T15:43:22Z
5164,443137,2010-02-27T17:41:00Z
680,83631,2010-07-05T02:41:50Z
4785,489237,2010-02-11T16:16:31Z
29442,1091302,2010-09-19T15:52:34Z
1642,910394,2010-04-10T10:57:00Z
109954,2574909,2010-09-11T21:39:24Z
125741,507402,2010-09-12T22:29:42Z
132880,115023,2009-11-20T13:30:43Z
39951,332289,2010-01-10T06:12:33Z
4989,1181501,2010-05-28T02:15:51Z
45200,413564,2010-04-14T04:11:55Z
3273,29021,2010-04-27T15:06:05Z
3476,9470,2010-09-08T18:44:56Z
19194,2390093,2010-08-30T08:28:30Z
19048,1150893,2010-05-22T01:18:27Z
108494,93462,2010-01-01T13:29:20Z
2884,553977,2010-03-19T20:20:11Z
49573,788405,2010-08-01T02:17:02Z
122797,3198078,2010-10-06T03:18:37Z
2,200807,2010-09-04T04:37:40Z
10441,882403,2010-09-10T17:10:41Z
25420,1146287,2010-06-29T07:42:22Z
104080,330665,2010-08-29T01:19:12Z
1542,361439,2010-09-17T16:51:24Z
105758,258428,2010-09-14T10:16:12Z
4730,264045,2010-10-17T22:15:00Z
109780,614451,2010-05-08T21:24:01Z
247,33278,2010-09-21T05:15:46Z
668,1563836,2010-10-15T01:18:22Z
152406,89078,2010-03-18T10:28:34Z
19278,929407,2010-04-13T12:19:20Z
5479,22420,2010-03-24T21:11:50Z
1400,508719,2010-03-06T17:24:26Z
23031,13430,2010-08-07T19:21:15Z
343,10020,2010-03-03T01:47:43Z
3446,40078,2010-03-08T23:41:25Z
3703,12399,2010-06-04T16:31:18Z
19227,881404,2010-04-06T04:00:08Z
23570,64115,2010-10-06T18:24:37Z
104348,1123512,2010-10-13T23:31:00Z
118071,293730,2010-02-28T04:37:28Z
27418,73778,2010-04-11T16:02:33Z
18584,1585152,2010-09-07T07:25:53Z
4929,12157,2010-06-03T17:04:07Z
137961,11686,2010-07-23T19:56:36Z
1265,1133796,2010-09-06T06:49:09Z
109821,1220750,2010-06-11T08:02:28Z
3442,218732,2010-08-04T18:01:04Z
14988,2630366,2010-09-26T20:40:39Z
33297,138649,2010-09-25T20:56:59Z
2564,10279,2010-04-03T14:01:19Z
1388,124902,2010-02-15T21:26:15Z
11070,32882,2010-01-11T21:19:31Z
60606,1170655,2010-07-14T18:55:18Z
37741,1120915,2010-05-15T17:46:43Z
925,1579032,2010-09-10T13:52:40Z
111011,88971,2010-01-28T12:06:54Z
10508,397079,2010-07-10T21:55:51Z
124945,442551,2010-07-15T17:40:53Z
15505,9783,2010-03-29T00:06:26Z
661,52903,2010-07-23T22:57:01Z
1922,381021,2010-09-19T20:32:52Z
105484,764931,2010-08-09T16:34:42Z
38706,846589,2010-07-05T05:57:08Z
109821,1222098,2010-07-31T08:10:15Z
3910,120557,2010-08-15T01:06:46Z
12942,446723,2010-10-05T16:11:22Z
23401,1315806,2010-08-24T02:49:41Z
19031,76888,2009-11-05T16:59:56Z
2398,1245681,2010-08-07T17:03:43Z
5869,13430,2010-03-15T01:40:13Z
2798,16793,2010-09-05T22:12:43Z
104312,73825,2010-04-01T09:47:14Z
157817,984900,2010-10-14T07:20:44Z
533,942395,2010-01-05T17:45:11Z
39492,314709,2010-05-04T17:56:04Z
3935,54679,2009-11-09T23:50:16Z
19541,323876,2010-05-15T00:17:10Z
2967,1472248,2010-08-11T16:12:59Z
23679,870015,2010-10-12T05:38:54Z
4785,23090,2010-01-28T15:13:31Z
3335,28673,2010-07-13T13:04:58Z
112867,774764,2010-07-23T17:32:44Z
123519,822946,2010-06-09T14:46:35Z
19378,639787,2010-04-29T13:07:44Z
2193,726047,2010-08-09T19:52:09Z
121994,195404,2010-04-17T14:47:14Z
48363,804400,2010-06-07T12:03:01Z
48473,148337,2010-07-08T03:35:17Z
2100,506462,2010-08-06T00:46:23Z
102123,186459,2010-03-09T09:42:20Z
2638,109197,2010-07-20T21:58:38Z
19687,51538,2010-06-21T01:55:18Z
39231,506236,2010-08-13T17:24:38Z
44538,459671,2010-02-07T06:28:43Z
4900,1139202,2010-03-04T21:20:15Z
49152,158325,2010-10-11T01:16:07Z
111280,885585,2010-07-04T18:26:57Z
18901,1357139,2010-10-13T04:29:40Z
695,153989,2010-10-04T19:25:33Z
1010,1072882,2010-08-24T14:05:01Z
792,3917254,2010-09-18T08:34:58Z
1414,773053,2010-10-17T00:01:00Z
993,1205458,2010-09-20T19:24:33Z
52829,871582,2010-09-29T17:01:38Z
350,17208,2010-01-04T18:52:58Z
2678,703421,2010-10-19T02:51:55Z
108555,667599,2010-09-29T23:00:35Z
142755,1235241,2010-07-16T15:13:05Z
19187,1413381,2010-09-24T19:43:55Z
146312,1592978,2010-10-19T06:58:28Z
401,1136753,2010-08-22T01:26:14Z
125313,554528,2010-03-05T17:42:45Z
3446,60412,2010-08-02T00:55:51Z
69600,906320,2010-05-12T13:25:47Z
86532,171522,2010-05-11T21:01:35Z
106105,944486,2010-05-17T06:03:28Z
8743,1458862,2010-07-18T00:47:07Z
118683,3173844,2010-10-17T16:16:23Z
2964,638686,2010-03-24T12:54:09Z
119854,1029510,2010-05-26T20:06:09Z
19456,2075549,2010-08-26T17:40:45Z
156673,937037,2010-04-18T22:21:57Z
313,78129,2009-11-23T00:02:17Z
39727,263132,2010-05-09T23:21:44Z
17801,40021,2010-05-06T00:10:53Z
10812,398421,2010-08-20T20:48:21Z
2971,55569,2010-05-29T22:45:12Z
3777,293793,2009-12-30T03:49:44Z
2809,2197292,2010-09-04T15:38:45Z
2274,1279208,2010-06-26T05:20:13Z
69859,70589,2010-03-28T02:08:56Z
11019,399242,2010-08-05T22:42:27Z
639,179062,2010-09-09T00:15:37Z
51829,482351,2010-02-11T19:05:32Z
14406,578452,2010-02-20T15:17:01Z
43737,547383,2010-10-16T19:23:26Z
11349,1020711,2010-06-24T20:59:42Z
4930,737688,2010-06-18T19:49:26Z
157210,182685,2010-08-09T23:12:35Z
248,215021,2010-01-21T01:12:13Z
119172,70420,2010-05-22T02:49:52Z
118788,11076,2010-09-18T05:15:44Z
4900,53769,2010-02-11T17:50:18Z
2193,1276474,2010-08-09T20:14:45Z
19456,1348866,2010-08-23T18:14:34Z
1474,135319,2009-12-19T10:26:17Z
73712,364712,2010-01-22T19:21:53Z
2877,262431,2010-03-06T23:42:28Z
3291,129397,2010-07-18T23:39:45Z
113660,457425,2010-04-03T19:46:04Z
111280,665034,2010-09-14T16:39:18Z
14443,124078,2010-07-31T10:19:24Z
106429,1418393,2010-08-12T11:13:39Z
4542,3399702,2010-09-29T17:35:34Z
187855,13353,2010-04-13T12:48:26Z
6152,211043,2010-05-15T15:23:08Z
3335,27348,2010-08-03T21:29:26Z
376,27202,2010-05-02T22:46:59Z
164678,820971,2010-04-13T20:57:15Z
10137,155635,2010-01-24T12:45:47Z
41957,469806,2010-07-27T07:43:09Z
19955,160732,2010-08-01T17:34:30Z
39630,67488,2010-10-10T07:59:36Z
446,25998,2010-05-14T11:36:10Z
115410,893637,2010-09-22T13:18:22Z
117729,622791,2010-06-24T23:25:02Z
15291,656866,2010-03-14T19:35:05Z
135842,1275789,2010-09-13T13:00:38Z
3227,829562,2010-03-30T12:45:10Z
19164,1382382,2010-09-19T20:50:56Z
4914,72633,2010-05-10T21:27:28Z
19580,326770,2010-01-26T07:13:07Z
3382,426968,2010-08-02T17:36:11Z
98132,79413,2010-02-02T11:00:41Z
551,927889,2010-04-12T15:30:52Z
379,1125453,2010-08-02T10:29:19Z
444,316212,2010-02-12T23:23:03Z
1251,1177232,2010-10-16T06:41:25Z
4914,1465019,2010-07-19T04:04:17Z
129006,13069,2010-08-13T03:48:25Z
854,862076,2010-08-12T05:18:06Z
22096,12824,2010-08-13T19:57:57Z
12893,100169,2010-07-16T12:01:22Z
4559,33966,2010-01-05T14:25:32Z
1776,347420,2010-10-13T21:22:14Z
2305,547661,2010-04-21T15:38:55Z
401,651550,2010-03-13T07:34:04Z
39452,50402,2010-09-29T06:57:52Z
24590,100981,2010-05-02T10:54:15Z
6425,1143791,2010-07-21T21:08:39Z
39584,86912,2009-11-22T12:01:27Z
842,287453,2010-09-22T20:35:55Z
121750,1215803,2010-06-24T01:38:53Z
104670,1034078,2010-05-28T13:06:20Z
26885,665395,2010-08-07T11:58:29Z
4819,10190,2009-12-27T18:34:01Z
5435,18022,2010-04-17T18:58:47Z
10610,743649,2010-08-31T15:06:15Z
120360,1097297,2010-05-11T05:52:43Z
106548,1529852,2010-07-30T22:08:01Z
10446,616405,2010-02-27T20:55:15Z
15714,1008970,2010-09-03T20:54:33Z
107955,1058922,2010-08-05T13:23:24Z
125381,1231836,2010-06-12T13:16:28Z
19914,105424,2009-12-17T18:09:57Z
47795,630232,2010-09-24T07:15:50Z
4535,135485,2010-10-11T18:38:50Z
114292,1033075,2010-05-19T20:37:01Z
103509,362678,2010-01-25T08:43:41Z
15304,97198,2010-03-26T01:46:03Z
106824,46120,2010-04-09T11:30:39Z
105035,76127,2010-04-24T11:50:27Z
82841,179129,2010-07-30T04:09:08Z
1052,59542,2010-07-23T23:12:35Z
14443,178776,2010-04-01T17:55:20Z
111011,312646,2010-01-23T21:54:50Z
49911,143182,2010-03-19T19:20:36Z
5604,36944,2010-02-04T18:52:35Z
148481,358516,2010-09-04T14:09:08Z
2810,17926,2010-02-10T18:07:47Z
4141,513900,2010-04-15T22:35:57Z
128227,495101,2010-02-20T01:16:54Z
83142,316637,2010-07-02T21:14:41Z
111011,110347,2010-02-22T16:47:37Z
130,27585,2009-10-03T03:39:14Z
4820,1297724,2010-08-02T22:07:58Z
2515,582342,2010-03-03T00:55:59Z
3340,1229041,2010-07-05T19:34:35Z
43439,1272360,2010-08-08T17:02:42Z
39648,328916,2010-05-06T16:36:39Z
9651,246704,2010-02-11T23:54:41Z
4730,57910,2010-04-06T14:43:26Z
18830,677035,2010-08-27T13:32:32Z
14406,544642,2010-02-19T18:26:10Z
15226,1264475,2010-06-12T12:46:34Z
19401,745532,2010-05-14T22:36:35Z
4914,316928,2010-06-28T07:37:45Z
49918,200669,2010-05-27T17:45:20Z
2818,1035084,2010-07-21T22:07:41Z
25074,84371,2010-10-11T10:20:16Z
132727,132184,2010-08-18T16:48:21Z
22,41431,2009-10-22T19:21:05Z
39630,408307,2010-07-02T16:53:16Z
842,1242427,2010-09-29T07:32:32Z
14843,203639,2010-03-28T03:54:44Z
19574,15474,2010-04-18T19:38:01Z
2704,759796,2010-10-07T12:33:45Z
113471,279411,2010-05-30T22:16:05Z
19485,1127254,2010-07-19T20:22:16Z
2398,1061874,2010-07-11T15:54:45Z
49865,603691,2010-06-10T03:29:08Z
819,5912882,2010-10-21T23:33:36Z
15864,445749,2010-04-20T15:14:44Z
728,65997,2010-09-04T02:35:02Z
18679,386102,2010-10-18T15:37:46Z
2845,1277253,2010-08-06T13:11:01Z
22851,1941005,2010-08-17T22:46:56Z
39561,776875,2010-05-17T06:14:05Z
12729,39603,2010-06-18T17:37:20Z
25872,1968175,2010-08-20T12:14:20Z
89851,100648,2010-01-23T12:17:17Z
81384,634865,2010-08-22T12:56:08Z
19456,204919,2010-08-05T05:57:56Z
7166,1269549,2010-08-13T07:21:57Z
4994,23953,2009-12-18T01:54:23Z
107863,67523,2010-04-01T13:29:03Z
38496,989277,2010-10-07T08:03:48Z
1548,148018,2010-05-02T02:31:13Z
17847,577071,2010-08-02T13:52:53Z
112572,60114,2010-06-02T13:32:20Z
1251,966912,2010-10-06T18:28:49Z
104312,1260541,2010-06-13T01:10:31Z
99477,1998347,2010-09-25T14:39:46Z
10971,829507,2010-04-11T12:49:13Z
346,554862,2010-03-18T05:14:16Z
1201,1329897,2010-09-19T02:22:51Z
116441,1151192,2010-05-30T04:16:08Z
401,245943,2009-12-23T01:05:27Z
4793,40437,2009-12-09T19:13:40Z
19456,943655,2010-08-30T16:56:01Z
1766,10487,2010-01-20T23:03:18Z
152369,1407009,2010-08-06T14:21:46Z
1274,234492,2010-01-21T01:52:15Z
14553,242419,2010-01-17T19:32:12Z
19439,700581,2010-04-12T14:06:23Z
2372,4769209,2010-10-01T23:57:24Z
10222,755293,2010-04-25T15:48:27Z
10764,112842,2010-03-21T01:11:30Z
49624,287698,2010-06-12T23:27:19Z
19733,69245,2010-07-31T13:54:43Z
10267,42124,2010-09-11T22:37:44Z
28804,229817,2010-03-21T01:32:58Z
8022,62854,2010-03-25T18:20:33Z
12788,25141,2009-12-27T23:32:39Z
26575,531986,2010-06-04T12:17:06Z
1492,1456528,2010-09-17T05:55:38Z
58051,94112,2010-08-24T04:43:58Z
19164,1589774,2010-09-10T11:15:53Z
151447,46077,2010-04-05T10:46:04Z
2341,226012,2010-10-15T04:49:50Z
10222,991436,2010-05-02T22:30:49Z
109932,717100,2010-03-15T20:50:01Z
19163,1016130,2010-07-03T02:45:23Z
39729,295205,2010-03-22T09:52:35Z
5237,126207,2010-04-06T23:16:11Z
33766,83282,2010-07-17T03:54:57Z
124862,440650,2010-06-09T16:59:35Z
1827,67249,2010-10-09T23:45:51Z
81244,28277,2010-05-27T14:31:24Z
139725,765233,2010-09-19T00:49:51Z
164,412256,2010-04-18T13:04:54Z
2204,323329,2010-08-18T07:03:21Z
905,1221431,2010-07-17T13:42:23Z
49731,235259,2009-12-19T17:18:15Z
620,53626,2010-08-19T00:03:48Z
189330,470838,2010-06-17T07:41:31Z
4896,88076,2009-11-08T21:12:27Z
111568,604542,2010-02-27T21:26:26Z
1627,1314774,2010-07-26T20:53:34Z
6278,17953,2009-12-23T02:29:14Z
104231,1132901,2010-09-21T10:18:09Z
19050,774906,2010-03-27T11:23:58Z
9669,19565,2010-05-22T02:04:23Z
11151,194470,2010-03-02T18:16:02Z
18462,73633,2010-02-28T12:05:41Z
6260,17059,2010-08-15T23:56:12Z
1703,113171,2010-10-06T16:04:29Z
874,700984,2010-03-21T02:18:36Z
1251,1188036,2010-09-04T17:13:23Z
457,567858,2010-02-27T22:06:33Z
16733,501323,2010-08-26T22:20:42Z
104678,423131,2010-03-09T02:54:35Z
4663,394230,2010-02-08T18:50:10Z
578,208417,2010-08-27T16:57:02Z
5843,970886,2010-06-04T02:04:56Z
19164,1203558,2010-09-22T19:43:35Z
5831,25297,2009-09-17T17:39:39Z
86603,314204,2010-08-20T03:56:00Z
123229,156028,2010-06-12T16:24:57Z
107180,634997,2010-08-28T19:19:06Z
38538,620180,2010-04-03T08:45:09Z
10370,333676,2010-04-23T17:17:44Z
33434,112260,2010-09-27T10:02:02Z
156,9221,2010-03-15T22:49:01Z
152611,79964,2010-03-10T06:36:14Z
1404,666278,2010-07-26T23:11:26Z
111901,164671,2010-09-10T17:10:31Z
80980,1395626,2010-07-06T12:26:47Z
70292,999492,2010-06-05T08:13:07Z
3128,97010,2010-04-17T05:11:21Z
2270,947412,2010-06-12T04:20:28Z
5980,266853,2009-12-24T22:58:44Z
104921,505393,2010-10-07T06:48:31Z
7095,130212,2010-04-21T13:28:19Z
120486,1536263,2010-10-06T17:01:34Z
4542,764895,2010-03-21T18:53:54Z
19456,240562,2010-08-19T08:33:19Z
151880,1239776,2010-07-28T16:15:32Z
20107,974598,2010-09-06T02:07:54Z
408,41834,2009-12-26T03:23:57Z
10034,137120,2010-07-01T11:18:39Z
4161,11678,2010-08-26T20:02:24Z
14229,978874,2010-09-09T12:21:38Z
3245,109533,2009-12-29T01:20:27Z
975,1114651,2010-08-06T16:11:27Z
28922,150847,2010-06-11T19:23:32Z
33031,820726,2010-06-13T15:57:17Z
106819,3011454,2010-09-23T19:00:41Z
1075,697495,2010-10-02T14:39:41Z
69326,502829,2010-02-04T04:01:55Z
101020,133759,2010-06-19T11:41:32Z
21509,987811,2010-04-26T14:08:17Z
1940,393032,2010-08-18T01:24:03Z
3006,88319,2010-03-31T20:22:21Z
5509,44575,2010-01-03T02:45:12Z
14735,927786,2010-04-12T15:09:06Z
10445,181722,2010-02-25T00:48:34Z
10248,184401,2010-06-16T17:31:57Z
103757,2877448,2010-09-27T18:38:16Z
107180,289075,2010-06-08T07:31:29Z
93921,1485608,2010-08-10T03:55:19Z
108285,435479,2010-07-06T10:34:19Z
18412,138966,2010-04-22T20:37:04Z
135867,1084777,2010-06-14T20:20:19Z
19194,536094,2010-08-03T11:14:24Z
19177,428676,2010-09-21T06:12:29Z
3574,27305,2010-01-12T15:20:48Z
32990,87512,2010-02-14T16:18:26Z
457,35832,2010-08-31T05:10:50Z
1102,246324,2010-05-08T16:28:23Z
1052,1524604,2010-08-29T17:21:42Z
25042,1671634,2010-08-13T06:59:02Z
1430,1288949,2010-07-13T09:20:16Z
4318,9758,2009-03-30T19:20:50Z
401,161037,2009-12-16T00:29:23Z
2413,505785,2010-08-27T15:55:24Z
135991,108631,2010-06-10T19:53:58Z
11074,129481,2010-08-04T03:44:45Z
1251,3761242,2010-09-17T09:56:19Z
12679,90835,2010-09-16T10:43:17Z
123864,412854,2010-05-23T18:02:31Z
106796,345013,2010-04-24T14:05:22Z
4902,353162,2009-11-28T15:56:38Z
3240,1168942,2010-07-27T11:14:40Z
49304,51484,2010-08-19T20:40:45Z
2645,497293,2010-05-19T01:39:38Z
2884,334965,2010-09-22T19:21:22Z
661,1507249,2010-08-25T20:59:59Z
106584,293253,2010-01-23T18:35:24Z
6752,338318,2010-01-24T18:23:01Z
16936,155933,2010-06-01T08:51:41Z
42747,112729,2010-09-18T15:47:05Z
66341,9223,2010-10-01T02:42:43Z
6639,22831,2010-09-06T16:31:36Z
1542,1805529,2010-09-14T16:27:12Z
101892,1220454,2010-09-04T14:14:40Z
281,147915,2009-12-04T22:33:38Z
124982,2161365,2010-09-16T04:31:51Z
18582,880967,2010-04-20T20:50:44Z
