id,latitude,longitude,country,country_code
332428,51.9240493102,4.4701051712,Nederland,nl
12535,40.7638606505,-73.9729321003,United States,us
167337,34.0897091333,-118.2683092667,United States,us
1049172,47.6679503918,-122.31328547,United States,us
898204,30.2744810333,-97.7390675167,United States,us
1138615,59.33218133,18.06642997,Sverige,se
532102,18.3814778781,-65.9628152847,United States,us
549660,37.7636982117,-122.4739599632,United States,us
30181,38.98098364,-77.0975598398,United States,us
374346,51.5081432,-0.1241836,United Kingdom,gb
202546,37.57960815,-122.3461044667,United States,us
76219,36.1539026102,-86.8022382259,United States,us
1591728,41.8893674797,-87.6289325953,United States,us
398986,43.8469591167,-70.1124026333,United States,us
53199,33.68456805,-117.17478975,United States,us
327184,52.47947812,13.31366103,Deutschland,de
449517,51.9251211756,4.5126986504,Nederland,nl
1080586,53.5989871361,-113.5730985757,Canada,ca
325926,35.9257481333,-84.0372761,United States,us
1604249,42.625308767,-82.942396717,United States,us
336333,30.2482214667,-81.5353604,United States,us
1448190,55.82283755,14.07968545,Sverige,se
51463,37.7675847167,-122.4241242333,United States,us
33347,51.5222723,-0.1259596333,United Kingdom,gb
279175,41.9010687833,12.47725925,Italia,it
57706,40.7128173093,-74.0059769154,United States,us
814382,57.6869731927,11.9652981222,Sverige,se
420315,30.2691029532,-97.7493953705,United States,us
1385576,52.00969034,5.43184322,Nederland,nl
1197556,44.426232567,-69.005320067,United States,us
9724,33.8120650319,-117.9190063477,United States,us
83377,37.77234735,-122.42306915,United States,us
1124890,50.0682687565,8.6333441734,Deutschland,de
626330,50.06163996,19.92920476,Polska,pl
653921,38.4669678167,-77.4113821833,United States,us
864730,40.7300800153,-73.9916110039,United States,us
626791,42.7295127225,-73.6784198284,United States,us
529160,34.0387960304,-84.5864141598,United States,us
59812,30.4877002,-97.7703682,United States,us
235912,54.5929347833,-5.6978184167,United Kingdom,gb
144944,40.7407947889,-74.0077364445,United States,us
492084,35.0808475695,-92.4582874775,United States,us
820182,35.7354555333,-78.8028314333,United States,us
729605,33.6221508667,-97.1542085167,United States,us
420746,40.138232705,-105.1298923431,United States,us
56842,49.4793901044,8.4694290161,Deutschland,de
1238714,40.420058218,-3.698181153,España,es
1187501,30.1127236932,-97.3422896862,United States,us
542465,30.1590500865,-97.7932710875,United States,us
1213243,51.066933667,-1.796261167,United Kingdom,gb
138229,37.7880813841,-122.4069643021,United States,us
67281,37.7669661283,-122.4065351486,United States,us
1700882,46.1043985,-80.62266455,Canada,ca
426075,46.7307411,-117.1627692,United States,us
157364,37.7629061167,-122.4348628833,United States,us
5450899,36.104491114,-115.17439539,United States,us
889502,26.6754495333,-80.045529,United States,us
9221,30.2675137962,-97.741265595,United States,us
91033,59.3353399278,18.0621886253,Sverige,se
516436,50.1008862044,8.5276222229,Deutschland,de
841222,37.4269108667,-122.1457270333,United States,us
859851,26.584639,-80.0381712667,United States,us
4524304,35.1672859,136.9445951,日本,jp
30436,35.5647251785,-97.4993062019,United States,us
260566,38.8936151,-77.4274080833,United States,us
181902,47.6120870493,7.6596057415,Deutschland,de
269884,37.5187715667,-122.2753553667,United States,us
119727,29.9262223333,-95.5953924,United States,us
815371,29.95104438,40.1860637,السعودية,sa
1365747,25.7041860941,-80.2881610394,United States,us
1073844,45.8109662167,15.9765325,Hrvatska,hr
13995,35.0475651304,-106.6167783737,United States,us
110760,33.8801474167,-84.4627433833,United States,us
462042,40.9703085901,-73.806068733,United States,us
403532,41.86618755,-87.6406676167,United States,us
1122579,43.6655237333,-79.4780292833,Canada,ca
193045,54.0038021167,-1.4375703167,United Kingdom,gb
476035,37.2398217667,-121.8509383333,United States,us
1235361,21.43963861,39.79019457,السعودية,sa
84139,59.3372212202,18.0618461575,Sverige,se
1520966,50.0976034348,14.4978439808,Česko,cz
950706,58.4086197967,15.6271719933,Sverige,se
5256520,13.75923442,100.56565052,ประเทศไทย,th
58882,31.3241909167,-94.7559326,United States,us
11319,47.443414388,-122.3025512695,United States,us
465339,57.77496713,14.2074486,Sverige,se
430673,42.34853982,-71.0826916,United States,us
631712,33.0948197833,-86.8562118,United States,us
414990,21.290603943,-157.8418529034,United States,us
288864,51.9002830537,-0.2078980207,United Kingdom,gb
508751,56.1088937941,10.1623213291,Danmark,dk
263886,45.41728329,12.36897474,Italia,it
852319,47.37533105,8.5261015167,Schweiz/Suisse/Svizzera/Svizra,ch
703257,52.5243746928,13.3693957329,Deutschland,de
216913,43.6460376,-79.3859460333,Canada,ca
1410538,47.6146157778,-122.3430835889,United States,us
1207912,43.3091551,17.00821548,Hrvatska,hr
498293,52.4356719456,4.8167169278,Nederland,nl
174191,40.7809899,-73.9762216333,United States,us
689331,30.265674419,-97.7390956879,United States,us
1401755,3.085695,101.694509,Malaysia,my
15174,29.6499246223,-82.3487091064,United States,us
3439300,-27.583590967,153.0621695,Australia,au
303507,33.07227885,-96.81179803,United States,us
453168,38.8536150529,-77.0552659086,United States,us
163843,58.41040155,15.6271361667,Sverige,se
156029,33.5447513,-117.7826221167,United States,us
611576,41.8191565167,-72.8635961,United States,us
656004,26.3177768702,-80.2022659779,United States,us
1287987,59.498496967,13.3422073,Sverige,se
596843,25.79054522,-80.13776057,United States,us
17726,37.7902095351,-122.4047005177,United States,us
5364141,14.6426148,121.0395783,Philippines,ph
700662,52.0684273931,5.1239097118,Nederland,nl
492599,40.73933809,-73.99473077,United States,us
459175,37.8370128521,-122.2961719003,United States,us
741232,13.8031174833,100.6745288167,ประเทศไทย,th
297418,39.2535087333,-119.92424005,United States,us
693826,39.6655403833,-75.6124781333,United States,us
509090,51.5311917333,-0.1211207833,United Kingdom,gb
1543195,43.75673885,7.4439741,France,fr
3247401,33.627261783,-117.275696933,United States,us
116371,37.5778203663,-122.349114418,United States,us
20539,37.1124195391,-76.4955282211,United States,us
461810,57.71457564,11.99532979,Sverige,se
572382,50.917071104,-1.4160346985,United Kingdom,gb
254768,38.2318292,-85.6418233,United States,us
786844,59.9314523071,10.7107901573,Norge,no
4043009,51.5287173865,-0.0167477131,United Kingdom,gb
339489,32.7194595337,-97.4419403076,United States,us
1594813,29.4234412909,-98.487791419,United States,us
471801,59.3389745251,17.9383969835,Sverige,se
68086,56.0507386333,12.6995118833,Sverige,se
616307,40.7249415148,-111.5453374386,United States,us
178221,40.0291762167,-83.117619,United States,us
549451,32.9228502,-117.1229235,United States,us
38172,-34.9240558798,138.6007475853,Australia,au
99498,21.2859074333,-157.8331836667,United States,us
84206,59.3053410078,18.1218838692,Sverige,se
114881,48.2174171,16.3826354833,Österreich,at
40430,29.7467723833,-95.3921986333,United States,us
168975,40.4853396167,-88.9540455833,United States,us
28886,32.7526497833,-97.3340621667,United States,us
107492,32.780148764,-96.8014812469,United States,us
15103,30.4350256833,-97.7668619,United States,us
106567,29.9747088,-95.6794722333,United States,us
412155,49.3810237697,8.68956979,Deutschland,de
150229,32.71613645,-117.1737098167,United States,us
482181,-37.8124624809,145.2319641931,Australia,au
14661,29.4564378167,-98.69960545,United States,us
9223,30.2668906357,-97.7456858754,United States,us
1427959,13.488231367,144.7863653,United States,us
331356,33.8208726333,-84.4532674167,United States,us
18976,32.8963009667,-96.9576521167,United States,us
870818,35.63525688,-97.60838282,United States,us
724980,35.6880445049,139.7231234795,日本,jp
1552398,33.67210855,-96.61179055,United States,us
1498327,45.27500194,-93.5622043,United States,us
491373,28.0383305086,-80.6651186943,United States,us
89015,56.1601398932,15.5975663966,Sverige,se
354450,41.5386847667,-88.19752195,United States,us
1020194,30.2646924167,-97.7545489833,United States,us
10720,32.8686390803,-96.7736721039,United States,us
1205714,18.4227891654,-66.1622160673,United States,us
115115,51.0517645333,13.7396441333,Deutschland,de
1155237,39.84936685,-104.6738822,United States,us
13847,32.6584086641,-97.3491990566,United States,us
1060461,29.73906713,-95.46699345,United States,us
380539,59.3012761167,18.1096879,Sverige,se
447007,33.8488346945,-84.3636149786,United States,us
1152534,58.8082801057,5.6930851936,Norge,no
479614,29.9987725107,-95.1705479622,United States,us
733948,52.2981170858,4.8663400422,Nederland,nl
14240,33.7561154333,-117.9849457667,United States,us
270644,1.2919642277,103.8446724415,Singapore,sg
1005444,32.7055583726,-97.3884650529,United States,us
127573,30.26042495,-81.5251155333,United States,us
190032,33.0729238544,-97.066971496,United States,us
9066,32.7944177569,-96.8000006676,United States,us
203124,37.7056274414,-121.8743744046,United States,us
1108744,18.3922337136,-65.9757891297,United States,us
92539,21.3084691167,-157.86057895,United States,us
77986,59.3021534358,18.1034839153,Sverige,se
690192,30.3330135167,-97.7055741167,United States,us
30905,30.41858617,-97.74769485,United States,us
1387477,51.560154445,-0.098595797,United Kingdom,gb
13292,31.9744849167,-102.07704305,United States,us
254303,42.0460687309,-87.6791683691,United States,us
1328386,32.974841583,-96.7180109,United States,us
597434,59.5097033,17.9269317,Sverige,se
502491,35.7755661011,-78.6382446289,United States,us
633562,34.1021223,-118.32935237,United States,us
74512,59.858582348,17.6471757889,Sverige,se
449847,52.036699079,8.4931452754,Deutschland,de
44501,33.8531970667,-84.3586635167,United States,us
491463,39.2260532842,-85.912463665,United States,us
31882,37.4319533646,-122.1042019129,United States,us
104429,32.8112464167,-96.8117792,United States,us
1049565,30.4205518167,-97.7042634667,United States,us
32279,41.8772180588,-87.6354162532,United States,us
1419028,38.552297488,-106.93066205,United States,us
411741,43.60389755,1.3334232833,France,fr
711348,34.1500146667,-118.0729643,United States,us
504140,51.4262095167,7.1411767167,Deutschland,de
543141,51.5262136299,-0.0793571159,United Kingdom,gb
940853,29.789827736,-95.3319203854,United States,us
300756,51.1632013321,6.7315506935,Deutschland,de
11888,30.2587428544,-97.7525281906,United States,us
76083,55.5982563711,13.0098724365,Sverige,se
728404,38.9035351666,-77.2621437688,United States,us
48119,39.8913300167,-75.1032143,United States,us
538911,33.9887302733,-118.4730818184,United States,us
274949,35.8225457192,-90.6642222404,United States,us
341280,26.4240363,-81.8127112167,United States,us
68855,21.4540382833,-158.0067439,United States,us
57197,37.7997864667,-122.4093051833,United States,us
9430,30.3073646792,-97.7399325371,United States,us
174832,41.94511775,-87.65499175,United States,us
110177,55.6045903443,13.0095827579,Sverige,se
185775,49.514555,11.4177007667,Deutschland,de
92524,21.3074372558,-157.8590109944,United States,us
45825,30.2344090052,-97.8185802698,United States,us
217920,37.41668373,-122.15223771,United States,us
27484,50.82810032,-0.1350331306,United Kingdom,gb
491597,37.5668470333,-122.3263712,United States,us
296130,50.927952017,5.3345167637,België / Belgique / Belgien,be
621512,37.7171994167,-97.4091689333,United States,us
947826,43.65739255,-116.2904402333,United States,us
130689,51.3452902842,12.3813772202,Deutschland,de
649508,48.22664835,16.3115317833,Österreich,at
45167,44.9369774253,-93.3469891548,United States,us
1096719,37.2955020667,-121.92793065,United States,us
90435,21.3012374431,-157.8627285361,United States,us
86624,42.3641514833,-71.0539950333,United States,us
1064344,30.1723538472,-95.4732835293,United States,us
430520,33.5796996469,-85.0754910707,United States,us
348334,33.5323012667,-117.7757670833,United States,us
1958969,45.5255949497,-122.6615595818,United States,us
1398731,23.25070045,-106.454778213,México,mx
16270,32.0789759,-81.0870356667,United States,us
1275264,32.78782435,35.543452467,ישראל,il
1439804,42.656264633,18.07550445,Hrvatska,hr
775445,40.1860905609,-8.4181076288,Portugal,pt
12595,32.751272309,-97.3309519887,United States,us
74677,50.8261790406,-0.1380157471,United Kingdom,gb
559727,55.7039118079,12.5771248341,Danmark,dk
1184599,35.0346939667,-116.4707141833,United States,us
235503,37.75593445,-122.4210179,United States,us
23372,36.0848987512,-115.1490783691,United States,us
1054086,28.9325273037,-81.9341897964,United States,us
367090,34.0952124801,-118.2832921922,United States,us
1595143,59.2768514156,18.0452692509,Sverige,se
21676,32.6028288167,-96.9341773167,United States,us
432879,37.5947922167,-122.3860681,United States,us
1420305,51.1982132341,6.6928383708,Deutschland,de
883803,55.7044252921,13.1878890925,Sverige,se
4289157,30.2608256186,-97.7382400632,United States,us
277504,14.5535948271,121.0229551792,Philippines,ph
73419,42.3882450877,-71.1196383834,United States,us
130942,59.8589109738,17.6413822174,Sverige,se
46141,47.3742836445,8.5373318195,Schweiz/Suisse/Svizzera/Svizra,ch
1017572,59.2702612826,15.2173841,Sverige,se
195657,34.03800344,-118.03720527,United States,us
951470,51.7497360706,-0.47272861,United Kingdom,gb
624406,34.1924252333,-79.8084763667,United States,us
456784,30.2970642009,-97.7188611031,United States,us
116703,36.1503989536,-86.7910996016,United States,us
5852769,41.551326817,-87.270822017,United States,us
17695,30.2845768833,-97.7346977,United States,us
535864,32.8873465,-80.03938823,United States,us
83943,59.3048809643,18.1303811073,Sverige,se
945855,59.2776582,11.09576795,Norge,no
691079,51.4199915,-0.2045743,United Kingdom,gb
33671,35.4637197302,-97.5099277496,United States,us
1150186,37.3320149333,-121.91368375,United States,us
5637900,36.011777627,-114.739564546,United States,us
1238105,42.50757495,-83.047535867,United States,us
74576,55.9101531167,13.1027425333,Sverige,se
9931,37.5039446333,-122.48586415,United States,us
124055,34.1656405667,-118.3252172833,United States,us
503223,55.6106990835,12.9996585846,Sverige,se
847817,41.8152448,-72.85931375,United States,us
184678,47.3631503667,8.5170159167,Schweiz/Suisse/Svizzera/Svizra,ch
568532,47.6829451667,-122.3768767,United States,us
83072,42.367081792,-71.0165154934,United States,us
78131,30.2561655333,-81.5830376,United States,us
1056236,38.6624508167,-94.3655377333,United States,us
775925,42.3576814893,-71.0606926769,United States,us
407140,48.1361302167,11.5796869667,Deutschland,de
446711,33.4864083,-82.0777995667,United States,us
29786,30.4237116468,-97.7020812035,United States,us
609354,51.2072715167,8.6924596333,Deutschland,de
1401934,57.67162325,11.914474717,Sverige,se
99005,30.26353985,-97.7622253,United States,us
27119,37.7057939667,-122.4692198833,United States,us
26921,35.9780928667,-78.5098799,United States,us
65191,35.6101839167,-97.5683693167,United States,us
16000,37.785102377,-122.4004902459,United States,us
31707,27.9809387382,-82.5346934795,United States,us
9518,34.0175879,-118.4870553,United States,us
1441416,32.77569806,-96.80872601,United States,us
515884,59.5132706,17.8833167833,Sverige,se
78833,45.5241530554,-122.6764190197,United States,us
1098140,52.6077770754,1.727309667,United Kingdom,gb
88000,37.39037755,-122.08228355,United States,us
404505,31.0797131333,-97.72388025,United States,us
235394,37.7778425333,-122.3960274667,United States,us
10868,32.7117598,-117.15646505,United States,us
11667,32.78478025,-96.7830061833,United States,us
180439,-6.1262177664,106.655960083,Indonesia,id
469324,44.85474848,-93.24243175,United States,us
719714,33.1574572674,129.7364759445,日本,jp
694118,39.7774908833,-75.5957411167,United States,us
74741,33.1328704531,-97.0435881615,United States,us
265318,32.9366695667,-97.0114766833,United States,us
89252,59.2988231446,18.0804920197,Sverige,se
189960,48.7792663571,9.1285476685,Deutschland,de
224755,51.355420165,6.6424396634,Deutschland,de
50118,38.8956589622,-77.0367819071,United States,us
3696220,57.7073342653,11.9401431084,Sverige,se
150583,47.5738694012,-122.1734404564,United States,us
29020,29.7518672333,-95.3730811167,United States,us
66544,33.1255719833,-117.1144337333,United States,us
499362,38.8974020833,-77.0315888167,United States,us
255046,47.7879815106,-122.3096323013,United States,us
584750,41.8865145909,-87.6325636537,United States,us
1179734,41.8958691614,-87.6341663868,United States,us
219491,51.4893742285,-0.1901855102,United Kingdom,gb
1317432,60.1929347316,12.000836134,Norge,no
108181,40.0550320654,-82.8958582878,United States,us
183534,30.3344031667,-97.7404162167,United States,us
320692,33.77655995,-117.86559825,United States,us
5384168,32.781090984,-96.758512923,United States,us
559098,38.9499579833,-119.94780715,United States,us
545954,52.0254993653,8.5309399484,Deutschland,de
235457,41.8911125992,-87.6188957691,United States,us
99521,29.6089585,-98.59457775,United States,us
1038430,62.33923075,17.4325188,Sverige,se
1212021,54.4055521488,10.1298236847,Deutschland,de
1017056,21.52678924,39.15548312,السعودية,sa
374426,39.03375822,-77.05007088,United States,us
3587608,59.8917571644,10.8800375462,Norge,no
157360,32.8599697549,-117.2200655937,United States,us
1333731,37.687090717,-122.128738583,United States,us
435628,50.8548821475,4.3509368896,België / Belgique / Belgien,be
108370,50.9405553383,6.9398403168,Deutschland,de
985457,47.3867716833,-122.2969289167,United States,us
65048,39.7475859255,-104.9428761005,United States,us
922742,51.5509724103,-0.1104054658,United Kingdom,gb
58981,40.051697856,-82.9163503647,United States,us
287324,40.0330289333,-86.15749805,United States,us
191586,33.4439398056,-117.5861120224,United States,us
10678,32.7491676132,-97.3630285263,United States,us
658647,27.5068440228,-82.7148735523,United States,us
56620,37.8082412466,-122.2685408592,United States,us
957035,-33.8719210157,151.1728298664,Australia,au
529683,35.4694432147,-97.5069022179,United States,us
74479,59.3426276371,18.0291116238,Sverige,se
93252,59.8772226895,17.6736974716,Sverige,se
413510,30.28466575,-97.73988395,United States,us
1121134,36.0769492167,-115.1005856833,United States,us
4415130,24.56633138,46.66762357,السعودية,sa
237536,51.0836779333,3.4883909333,België / Belgique / Belgien,be
250708,53.34199398,10.02493858,Deutschland,de
455564,51.05011892,3.72237771,België / Belgique / Belgien,be
1435971,34.1606193781,-81.2528336048,United States,us
3746321,-2.996150565,35.352080555,Tanzania,tz
3790490,35.9066668155,139.6257430315,日本,jp
63805,21.3169826066,-157.8703379631,United States,us
283009,32.8433482333,-97.1870279167,United States,us
382214,33.6282043667,-117.7271863833,United States,us
34314,37.4252568174,-122.1455227215,United States,us
653528,59.90656195,10.7686243667,Norge,no
376745,47.8239968429,-122.2695922852,United States,us
147900,38.5277727496,-89.1361999512,United States,us
655196,39.07216245,-84.3458874167,United States,us
174780,47.612658438,-122.3344910145,United States,us
413225,30.5109415667,-97.7117377833,United States,us
371577,-33.8875174936,151.1255586147,Australia,au
248929,40.0053880513,-105.270652771,United States,us
221791,3.1179870045,101.5943956375,Malaysia,my
69283,59.3345957494,18.0754709244,Sverige,se
1050290,33.8162119,-117.92436855,United States,us
98386,51.4679709826,-0.0861740112,United Kingdom,gb
447662,40.8049578555,-73.9548432827,United States,us
245610,54.5976645905,-5.9242916107,United Kingdom,gb
126879,21.3360414658,-158.0674481392,United States,us
12965,33.1503343579,-96.8346333504,United States,us
157872,32.74946022,-97.78193968,United States,us
503879,40.7428463167,-73.9998225667,United States,us
172510,21.3272148667,-157.8857063667,United States,us
1111377,35.6528250875,-97.4427188132,United States,us
1412464,49.281671925,-123.127024007,Canada,ca
64571,45.5275467495,-122.6691770554,United States,us
105950,56.1180812833,13.8256149333,Sverige,se
32074,37.7814657086,-122.3987731615,United States,us
332504,47.3622939836,8.5167056322,Schweiz/Suisse/Svizzera/Svizra,ch
3018259,34.1017717123,-118.3325117826,United States,us
360627,42.6115144249,-71.3219118118,United States,us
96142,59.8569176199,17.6380562782,Sverige,se
90462,43.6627102854,-84.2469241807,United States,us
161830,37.4048048258,-122.0250338316,United States,us
918213,37.3236441937,-121.9457829991,United States,us
642589,59.3228066667,18.0749255833,Sverige,se
23829,51.5283769781,-0.1335203648,United Kingdom,gb
3148277,30.2384392,-97.90516365,United States,us
643848,36.0906210444,-115.1790010929,United States,us
815349,35.6469916463,139.7096157074,日本,jp
48620,43.1550113081,-77.6189339161,United States,us
247818,40.76740282,-73.96422392,United States,us
456230,32.3957557,-95.2695806667,United States,us
1212801,50.9232934,6.924046883,Deutschland,de
45094,52.0699793167,5.1780711333,Nederland,nl
75434,37.639732,-122.3971920333,United States,us
120031,37.7904595333,-122.4211558833,United States,us
212224,56.0355757167,14.15938705,Sverige,se
39362,47.599077542,-122.3330909993,United States,us
1187273,38.2527762678,-85.7569929591,United States,us
422005,37.0921161833,-94.4751791833,United States,us
10259,32.8974616458,-97.040348053,United States,us
671245,30.2642937052,-97.7391171455,United States,us
22535,30.2798881558,-97.7198159695,United States,us
1433027,38.934547808,-94.638870484,United States,us
360369,32.63738209,-97.37252408,United States,us
323765,44.9484662825,-93.3442920034,United States,us
1251379,49.2260406,-122.998971083,Canada,ca
169867,44.9697480762,-93.2460541867,United States,us
165768,41.9759716333,-87.90606665,United States,us
450142,48.1889038992,16.3522879217,Österreich,at
978046,37.5643571333,-122.3222602833,United States,us
920046,49.4810491161,8.5029351711,Deutschland,de
13626,37.7638614167,-122.2431564167,United States,us
60284,42.1336660834,-87.758971761,United States,us
199485,32.9525288833,-96.6628809,United States,us
1041042,59.40290725,17.64707058,Sverige,se
83447,41.809904117,-72.8324460983,United States,us
23351,39.0424348333,-94.5919301833,United States,us
373191,46.96417033,7.47604852,Schweiz/Suisse/Svizzera/Svizra,ch
396361,39.35753245,-74.4256873833,United States,us
836785,51.92357805,4.4757451333,Nederland,nl
23161,32.8115827,-96.7746293833,United States,us
417784,41.160579252,-8.6281406879,Portugal,pt
11794,40.705823135,-73.9966964722,United States,us
1588009,59.3608400704,18.1583511829,Sverige,se
279069,50.5465958728,-3.4934616251,United Kingdom,gb
430089,32.72878175,-97.3588263167,United States,us
813428,45.10540695,-93.45294918,United States,us
199415,30.3557587231,-97.7350616455,United States,us
794251,34.14608035,-118.1504806333,United States,us
1374478,45.669507624,-120.834624738,United States,us
1372754,58.375485117,15.7130582,Sverige,se
217491,50.9075252228,4.4152486324,België / Belgique / Belgien,be
493702,59.3502993167,18.06746015,Sverige,se
761752,-26.0628947333,27.9700999,South Africa,za
428349,45.3024396333,-122.7643436,United States,us
733844,33.1711445639,129.7216486931,日本,jp
835382,59.2372688833,18.1110738167,Sverige,se
218933,32.7527331486,-97.3326677462,United States,us
83738,24.6762995501,46.6764825583,السعودية,sa
373627,59.3231738494,18.074837923,Sverige,se
346343,37.3881234528,-121.8876634261,United States,us
116129,30.26961259,-97.7424001694,United States,us
153505,30.2811204101,-97.7452111244,United States,us
1133510,54.3451922,10.13331285,Deutschland,de
242319,36.0674258395,-115.1742053032,United States,us
30432,47.3781778812,8.5394239426,Schweiz/Suisse/Svizzera/Svizra,ch
345525,32.8837009167,-96.76200545,United States,us
578233,52.250446171,21.0095179081,Poland,pl
14634,32.9197005975,-97.0854091644,United States,us
1352983,35.7579706705,140.013692379,日本,jp
35658,41.9526020167,-87.6476191167,United States,us
26780,33.21362005,-97.1300748,United States,us
893939,32.7995813,-96.80325915,United States,us
1241223,34.092587117,-118.2802393,United States,us
20548,26.1216377833,-80.3305446,United States,us
626147,58.3191919333,15.1190742667,Sverige,se
808676,42.6701157339,-83.0008558116,United States,us
45721,33.55690145,-117.1832640833,United States,us
1760671,52.478582533,-1.893205767,United Kingdom,gb
645394,47.6259614333,-122.3397364167,United States,us
1057165,57.7066856681,11.9698815833,Sverige,se
256336,50.7599850833,7.1656346,Deutschland,de
11735,40.7894950957,-73.9757771059,United States,us
914860,30.30251035,-97.7469650333,United States,us
790565,34.1364897167,-118.3559053833,United States,us
633724,37.7869499686,-122.4098179785,United States,us
528388,34.14079205,-118.1472056333,United States,us
36276,47.649493149,-122.3492069299,United States,us
392728,41.9789059639,-87.9066538811,United States,us
302821,44.9894978206,-93.2513737679,United States,us
33236,37.7842007289,-122.4331321578,United States,us
1568926,32.778131483,-96.75586935,United States,us
45146,51.5351779833,-0.10925225,United Kingdom,gb
179446,32.8965109833,-96.68087,United States,us
25696,51.5009824545,-0.1250016689,United Kingdom,gb
168976,56.15258765,13.77823591,Sverige,se
48213,-34.9392766333,138.5718037833,Australia,au
305643,38.8828381953,-77.0302560253,United States,us
1204989,21.29242076,-157.843190094,United States,us
64718,59.3552792,17.9452872167,Sverige,se
303024,32.89628985,-97.0965578,United States,us
868362,24.77984833,46.67706829,السعودية,sa
588481,30.3277803,-87.1637053,United States,us
75587,39.03269835,-77.5159924,United States,us
847541,39.9972039776,-83.0079325759,United States,us
405791,36.0229984,-115.1753670833,United States,us
1210230,52.491471133,13.394817367,Deutschland,de
290608,41.8915279067,-87.6263844967,United States,us
1213628,26.3662809606,-80.0704729557,United States,us
167144,28.5338427333,-81.207992,United States,us
409620,33.0721384845,-97.0850813444,United States,us
906526,37.3200201988,-121.9479954243,United States,us
328294,34.2504673167,-85.1633729833,United States,us
217522,59.6518289459,17.9301166534,Sverige,se
65996,30.2677037551,-97.7492344379,United States,us
279561,21.57040721,39.12574994,السعودية,sa
413178,35.7124320287,139.7037470341,日本,jp
1847002,49.452517,11.081651,Deutschland,de
1488876,58.1698447466,7.9982024431,Norge,no
1170530,34.8491967667,-82.4040413333,United States,us
175367,45.7394701667,-122.48689365,United States,us
220823,27.9252227444,-82.325502634,United States,us
159308,57.7087328019,11.9741213322,Sverige,se
13576,30.2654149575,-97.745500803,United States,us
568978,51.26566555,0.61609625,United Kingdom,gb
31205,35.0634100231,-80.855700219,United States,us
10863,32.7070090903,-117.157087326,United States,us
63008,32.5466048167,-94.3492626667,United States,us
32441,41.2948331582,2.0789909363,España,es
1590692,49.562217506,8.179138508,Deutschland,de
652777,49.4813656833,11.05488445,Deutschland,de
27532,43.7111314,-79.2790683333,Canada,ca
1586859,32.6030103,-85.487603,United States,us
1581343,60.151914903,-1.138423364,United Kingdom,gb
129874,-33.8906246333,151.27904315,Australia,au
174894,43.0884230833,-87.8873636833,United States,us
18568,30.2695755256,-97.7495133877,United States,us
43684,32.7116246744,-117.1600370728,United States,us
492127,30.2666751927,-97.7454793453,United States,us
326811,33.78157835,-96.6418214,United States,us
472263,32.0809866165,-81.0906785675,United States,us
900880,21.3074472513,-157.8521633148,United States,us
444680,48.7799227,9.1769261,Deutschland,de
60904,37.7848593656,-122.4065029621,United States,us
384774,51.3818792892,6.9390463829,Deutschland,de
30859,42.22528845,-88.2892007,United States,us
344856,32.0048896333,-102.1256325667,United States,us
345833,33.67963515,-117.8881055667,United States,us
90472,21.355364,-157.9294882167,United States,us
178692,38.9917602,-77.0317232667,United States,us
223780,44.8855082588,-93.2802764832,United States,us
938165,55.6035140667,13.00013695,Sverige,se
984813,51.500993,-0.1125212833,United Kingdom,gb
34803,37.7606855167,-122.38806955,United States,us
109951,35.1026525833,-106.6047141667,United States,us
708738,52.00837147,4.35689783,Nederland,nl
170026,40.0319274074,-82.9087221622,United States,us
64332,36.8070015833,-119.7787641833,United States,us
35176,37.39478295,-122.0784453333,United States,us
1105986,30.21327096,-97.82966697,United States,us
571395,51.1623247833,0.8676644167,United Kingdom,gb
246275,45.3334023,-118.0681450333,United States,us
446778,41.8725248264,-87.6289916039,United States,us
422658,20.67592325,-156.4419528333,United States,us
77342,45.2050820349,-93.5512876511,United States,us
745156,32.7401241,-97.4511534333,United States,us
953014,37.7786896,-122.39623895,United States,us
650395,48.8478482927,2.2968564715,France,fr
762511,57.6009790833,12.04887855,Sverige,se
295232,60.6773278167,17.1185435667,Sverige,se
891650,37.65402185,-121.89659678,United States,us
1342989,52.2936022282,4.9301469326,Nederland,nl
839115,48.8575765833,2.3369373833,France,fr
298481,29.6175918579,-82.3723144531,United States,us
4294193,33.8084506989,-117.8773355484,United States,us
502907,40.72706586,-73.98491132,United States,us
39231,50.8234376073,-0.1449036598,United Kingdom,gb
1579044,59.345450257,18.079550597,Sverige,se
449135,35.6533449052,-97.4648982508,United States,us
227415,48.2190113796,16.3808190823,Österreich,at
806382,47.4979400333,11.0998763667,Deutschland,de
551313,46.003414,8.9537809833,Schweiz/Suisse/Svizzera/Svizra,ch
1559683,39.90549832,116.2299177,中国,cn
124155,52.4432461833,13.2939665833,Deutschland,de
1148148,41.6790450167,-86.2496137,United States,us
556908,37.3980324,-122.1081958,United States,us
1428355,43.670559569,-79.448726322,Canada,ca
766421,41.8908969577,-87.6280152798,United States,us
391862,35.7276754373,139.5758807659,日本,jp
146748,59.51476184,17.926286459,Sverige,se
904616,30.2642709667,-97.7335345167,United States,us
610428,37.4260947385,-122.1730201548,United States,us
308266,28.3763356653,-81.5212583542,United States,us
2281114,36.118829921,-115.172818869,United States,us
101739,30.2895048882,-97.7415525913,United States,us
718957,33.6159073667,-117.7055743333,United States,us
25054,32.8321469443,-97.3154729605,United States,us
368650,52.36222153,4.91106843,Nederland,nl
349538,58.58722665,16.1740817,Sverige,se
1221608,35.332789982,139.4059386849,日本,jp
71252,59.5067598074,17.8865468502,Sverige,se
327928,48.5356967563,9.281462431,Deutschland,de
537913,49.8725956138,8.6309838295,Deutschland,de
134549,-26.0341311,28.08037203,South Africa,za
253320,47.0452050917,-122.9355722997,United States,us
380417,37.3358699833,-121.8904707,United States,us
1166621,55.7588066333,13.0158876333,Sverige,se
749902,39.64087385,-106.3732932167,United States,us
1480858,53.554145133,10.020345623,Deutschland,de
4338106,25.21080207,55.27421617,الإمارات العربية المتحدة,ae
13338,37.7615082532,-122.4257665873,United States,us
1506082,35.9747502771,-83.2280659676,United States,us
604153,34.0143901667,-118.0930367167,United States,us
826469,30.4804970667,-97.8254737667,United States,us
336929,30.5656766833,-97.68936955,United States,us
8997,32.9415071,-97.1284317833,United States,us
277033,50.7133866947,-3.4786587954,United Kingdom,gb
740256,30.2675184293,-97.7420192957,United States,us
144083,52.38024045,4.8887546167,Nederland,nl
361783,-33.863832171,151.045371294,Australia,au
1215071,60.3904410525,5.3274250031,Norge,no
215109,42.4858295,-70.90206095,United States,us
1599721,38.1646456667,-84.89635865,United States,us
114473,-37.8177261,144.9691138167,Australia,au
1340670,47.98516779,8.81937335,Deutschland,de
297298,-19.9412698669,-43.9365899563,Brasil,br
69755,34.7479681,-92.4011904167,United States,us
1524409,39.84775888,-104.67391169,United States,us
297906,39.6853268626,-75.6806302071,United States,us
346198,45.5142644333,-122.6642469333,United States,us
361677,37.3535105,-121.9949917167,United States,us
587680,26.1338627167,-80.2839054333,United States,us
195115,37.4546327167,-122.1849371167,United States,us
4388833,49.2751058722,16.4422738552,Česko,cz
1529435,32.840568962,-97.100336731,United States,us
108358,39.952826,-75.1925574333,United States,us
91526,33.0023923101,-96.7030549049,United States,us
400343,35.3307946167,139.4075181667,日本,jp
309798,41.8077180667,-72.82795945,United States,us
146426,36.6128058833,-121.9010066333,United States,us
25308,35.6563090667,-97.4711285667,United States,us
3241835,30.283993862,-97.71944038,United States,us
59467,38.8974625725,-77.0080661774,United States,us
1419110,26.304081615,50.169592765,السعودية,sa
440770,40.7331856887,-73.9986920357,United States,us
351417,32.6785129808,-97.0069088519,United States,us
102343,34.14253819,-118.4058594704,United States,us
166728,33.1035308838,-96.7714157104,United States,us
132257,34.0182943267,-118.493421004,United States,us
125878,37.6675938667,-122.4690934167,United States,us
9237,30.2731081636,-97.7407881618,United States,us
695796,26.37275904,-80.13249629,United States,us
2020038,-20.9027479019,55.4841166735,France,fr
138127,48.1117036658,11.6176957473,Deutschland,de
133166,38.9306458329,-94.3628704548,United States,us
901949,49.0088345964,8.3969880739,Deutschland,de
97481,59.91340075,10.6380085,Norge,no
52979,35.6103208,-97.5487343167,United States,us
24800,35.4782531667,-97.6003289333,United States,us
103261,53.4441039329,-2.2809720039,United Kingdom,gb
372908,1.29348188,103.85337287,Singapore,sg
555058,28.4457889946,-81.4669590138,United States,us
500264,43.6600838667,-79.3576491833,Canada,ca
200077,59.3327516489,17.9372191429,Sverige,se
528615,47.9144829833,-122.28370525,United States,us
325459,49.2472494833,12.3066168,Deutschland,de
13256,49.27037715,-123.1361389,Canada,ca
996765,57.77592165,14.3014746833,Sverige,se
1201921,52.13463195,-0.466281933,United Kingdom,gb
470328,59.3443508532,17.9593420029,Sverige,se
202705,21.33606865,-157.8680466833,United States,us
106464,59.3449022967,18.0596402155,Sverige,se
233591,51.2244842283,6.7740690708,Deutschland,de
1178090,39.2838668692,-76.619682312,United States,us
15624,30.2488589167,-97.750082,United States,us
651036,39.8570112167,-74.8720761167,United States,us
1005760,40.71924,-73.997362,United States,us
181474,48.8143556667,9.1765499167,Deutschland,de
857418,45.4172654,-122.6633982,United States,us
1424294,50.75115412,-1.84195202,United Kingdom,gb
41520,37.1785412,-93.2199449,United States,us
565776,32.813008606,-96.8069298866,United States,us
4425519,39.502255137,-84.72632179,United States,us
799439,21.6495056583,39.1582399607,السعودية,sa
238752,34.8656217,-82.3440991333,United States,us
252105,59.3268637167,18.2583339667,Sverige,se
95585,24.7009836667,46.70515055,السعودية,sa
22161,45.5225425764,-122.6781222224,United States,us
684998,54.3204811167,10.1327482833,Deutschland,de
258633,59.8586583019,17.6418223562,Sverige,se
1156937,32.6809063833,-96.6413365333,United States,us
529473,29.5741988333,-97.9579772167,United States,us
1184113,33.8298225403,-118.08799088,United States,us
118662,47.6913127364,-122.358079335,United States,us
177693,38.0065440471,-84.4361287426,United States,us
112751,45.635759295,-73.833553791,Canada,ca
113161,42.3855260167,-71.1191984,United States,us
517833,36.3026213203,-115.2820569277,United States,us
561899,33.5468013333,-117.80173815,United States,us
1347560,21.63218438,39.15616571,السعودية,sa
9220,30.2672588667,-97.7396321167,United States,us
1388311,21.292377802,-157.842241895,United States,us
172572,37.7598602579,-122.4100196361,United States,us
661019,41.3939451081,2.1722817014,España,es
9225,30.2662396721,-97.7459084988,United States,us
18949,37.7643642,-122.47142215,United States,us
1442161,50.4045438766,3.7753969431,België / Belgique / Belgien,be
984944,30.2705704167,-97.7411857667,United States,us
13476,30.4477071667,-97.6637578,United States,us
452573,32.8803051299,-97.0981756467,United States,us
827438,37.0550669167,-94.5151382,United States,us
147120,59.61680665,17.8557670667,Sverige,se
98018,32.9894542333,-96.7507569667,United States,us
75955,40.1557993167,-74.8941162833,United States,us
78780,21.3051281667,-157.8592707,United States,us
427772,40.612844794,-89.459400773,United States,us
1941432,40.2127826214,-77.0097398758,United States,us
197305,30.2699702,-97.74914045,United States,us
849454,33.1700893529,129.7217077017,日本,jp
1168998,50.85048425,4.35254484,België / Belgique / Belgien,be
312690,39.6544880833,-77.75200665,United States,us
420059,29.7230358646,-95.3478312492,United States,us
56475,37.7895865892,-122.4042645793,United States,us
480193,39.7168595518,-86.298058033,United States,us
132869,39.0402404186,-94.5914737642,United States,us
1180981,33.913393783,-84.536948417,United States,us
251442,36.1548641796,-115.3353309631,United States,us
139320,38.8985636736,-94.7421161706,United States,us
570645,35.5218470333,-97.7036900333,United States,us
1502555,60.3533183674,5.3511786461,Norge,no
570519,39.6760082245,-89.7043508291,United States,us
3189039,49.113820217,6.182729933,France,fr
1433904,60.56074861,17.46325023,Sverige,se
226985,28.4303940476,-81.3082492384,United States,us
1547244,35.793523417,-83.530565,United States,us
186764,60.6055098167,15.6289367167,Sverige,se
30723,37.7811360667,-122.3944507833,United States,us
256913,59.2723221667,15.21635775,Sverige,se
30099,26.1289974333,-80.1394044,United States,us
1087031,30.3773228167,-97.8994776333,United States,us
964206,39.28243708,-76.59348928,United States,us
512082,-33.8745651245,151.2190628052,Australia,au
32127,42.3092443833,-71.1044040167,United States,us
21192,30.2554899167,-97.7193788,United States,us
74242,33.9246332833,-83.3417123167,United States,us
133664,33.6800326268,-117.8608560562,United States,us
256032,43.04141085,-87.9054271667,United States,us
62009,59.2859316259,17.9650068283,Sverige,se
705628,36.143630147,-115.3012347221,United States,us
182537,57.7814967,14.1805279255,Sverige,se
184021,37.7760282,-122.43810685,United States,us
83777,59.3105521667,18.4210548833,Sverige,se
1010906,15.5757889167,73.7404854167,India,in
758476,28.4311095989,-81.3075828552,United States,us
10194,37.7986791382,-122.407849431,United States,us
606038,30.29598098,-97.71857589,United States,us
1541250,62.379967817,16.910113967,Sverige,se
95003,50.8121313067,-0.3570556641,United Kingdom,gb
1163415,30.1561249,-97.4950437167,United States,us
495306,43.0713722972,-89.4066953659,United States,us
1261482,32.73900335,-97.364183583,United States,us
53521,44.9843219178,-93.2550441268,United States,us
31286,59.3627482553,17.9964208603,Sverige,se
872281,34.1021358333,-118.11015385,United States,us
5173927,34.185618817,-119.171831317,United States,us
152499,38.8863646332,-77.0187628269,United States,us
35321,38.9001075692,-76.9863189154,United States,us
454866,52.025240751,5.1329004765,Nederland,nl
571505,52.0230885757,5.8106732368,Nederland,nl
114547,47.62440945,-122.3568224333,United States,us
62744,30.3322476314,-97.7402865887,United States,us
209560,32.7938038114,-96.626784261,United States,us
32563,30.2158666167,-97.8307851,United States,us
2131978,41.25655066,-75.858307,United States,us
1389357,39.354774722,-74.4385957718,United States,us
25161,39.712733056,-86.2996673584,United States,us
129563,47.6688064833,-122.3870882667,United States,us
512431,43.6533184378,-79.4652056694,Canada,ca
1286700,32.933452317,-96.817821033,United States,us
250641,47.0498178894,8.3080351353,Schweiz/Suisse/Svizzera/Svizra,ch
75353,35.4656669667,-97.51046975,United States,us
1574059,32.522928471,-95.263552024,United States,us
528234,26.55124938,-80.12628751,United States,us
307925,51.9234224833,4.4862076333,Nederland,nl
1101910,39.9515927667,-82.68422675,United States,us
1405724,58.35402941,11.22527736,Sverige,se
24073,30.2282910167,-97.8243051333,United States,us
209723,32.976253,-96.5952239833,United States,us
19858,32.9666682833,-96.8209652667,United States,us
160455,24.7252028833,46.6590821333,السعودية,sa
117173,37.3940668,-122.0795384667,United States,us
134382,54.1109995476,13.0352246761,Deutschland,de
443889,32.7739155084,-97.0847654343,United States,us
1162861,59.8830872079,10.6182005286,Norge,no
259928,38.6690861561,-90.5970354223,United States,us
511009,52.3222824167,10.5363980833,Deutschland,de
1977331,57.7237665653,11.9286525249,Sverige,se
316545,32.67988032,-97.12943953,United States,us
29367,51.8844914955,0.245475769,United Kingdom,gb
2114417,33.77006477,-117.80125981,United States,us
41936,35.4665869167,-97.5104862833,United States,us
292231,44.7599503833,-63.6585109,Canada,ca
783296,32.6742599888,-97.1449472975,United States,us
634766,52.3186056683,7.7805304527,Deutschland,de
4182628,41.79600352,-88.06551826,United States,us
1176215,39.74105131,-75.55562132,United States,us
9591,37.4479079167,-122.1597719167,United States,us
170849,39.75332265,-84.0714963833,United States,us
420122,59.849588,17.5570104167,Sverige,se
166667,37.5952409648,-122.5036937931,United States,us
363461,51.2713487667,3.034082,België / Belgique / Belgien,be
734395,21.5741126117,39.1105502844,السعودية,sa
35669,37.78310735,-122.3887151,United States,us
194273,30.2844094344,-97.7344286442,United States,us
498665,59.3589263101,17.979490757,Sverige,se
23482,35.6701707728,139.7026795149,日本,jp
347741,33.4483796,-112.0714049167,United States,us
1575375,37.2399240732,-93.3966475725,United States,us
440096,41.3525551667,-71.9634788333,United States,us
244894,59.36355173,17.94513511,Sverige,se
132152,33.75592355,-84.3227872333,United States,us
65362,30.2702493537,-97.7421134381,United States,us
27881,35.5502711879,-97.6153707504,United States,us
799512,32.91656482,-96.96367478,United States,us
583348,28.36790355,-81.5502032167,United States,us
1062471,21.5265809111,39.1719004512,السعودية,sa
108288,34.8731864203,-82.36287117,United States,us
95575,33.8373080167,-84.3685297167,United States,us
1483471,51.8540936167,5.8594762,Nederland,nl
4529722,32.779834533,-96.7555916,United States,us
45815,35.6209988833,-82.5424178167,United States,us
328483,59.374954573,18.0158421777,Sverige,se
1140830,32.6459830333,-96.9634632667,United States,us
207510,47.9968459,-122.2194525667,United States,us
49357,43.1485293203,-77.5669956533,United States,us
55033,59.3301577,18.0580794811,Sverige,se
1474802,42.345933529,-71.084834289,United States,us
11040,37.4381446833,-122.1588277667,United States,us
863422,22.3252763697,114.1727650166,中国,cn
959289,50.06306525,14.4301642667,Česko,cz
1927962,51.606501619,-1.243258709,United Kingdom,gb
482742,45.5506679333,-122.6664045667,United States,us
594198,65.5826732989,22.1483945847,Sverige,se
264543,30.3003049833,-97.7206316333,United States,us
180093,49.2806670453,-123.1079903122,Canada,ca
290128,34.8530798592,-82.3368966579,United States,us
1462087,57.577309483,12.071159783,Sverige,se
18207,34.1457214355,-118.2549819946,United States,us
195641,50.83066535,-0.1474899333,United Kingdom,gb
1318335,51.49461758,-0.10066759,United Kingdom,gb
103609,41.7143368333,-86.1807710167,United States,us
40654,33.64970415,-117.7432275167,United States,us
914143,44.9410101081,-123.037417531,United States,us
1401776,51.250274517,6.7644085,Deutschland,de
1002718,21.66218435,39.16757327,السعودية,sa
105424,49.7963779176,9.8997545242,Deutschland,de
795830,59.39222174,17.99077033,Sverige,se
783489,39.7210785,-121.8465612667,United States,us
186646,53.3785094183,-1.4628553391,United Kingdom,gb
943150,29.4552669667,-98.60443605,United States,us
1810544,13.693195,100.648153,ประเทศไทย,th
1316151,13.85797494,100.55916243,ประเทศไทย,th
1352537,49.9267067534,11.5974640846,Deutschland,de
1482443,55.564379783,13.083606867,Sverige,se
230756,51.2167417745,4.4091767997,België / Belgique / Belgien,be
198963,55.6306488796,13.7087059021,Sverige,se
9410,30.2015573297,-97.6671266556,United States,us
1426074,40.754221867,-73.601577617,United States,us
1067829,30.3101526622,-97.7401578426,United States,us
612316,33.3704316667,-86.7972317667,United States,us
938173,58.4021782478,15.6733703613,Sverige,se
43246,36.06186585,-94.1602740333,United States,us
258141,34.0122591167,-118.4169514,United States,us
17630,32.7311278833,-97.3891168,United States,us
160277,50.9369536013,6.9345886218,Deutschland,de
338623,33.933339,-84.359596,United States,us
527951,40.78722345,-73.97835701,United States,us
441517,47.007423689,-124.1666865349,United States,us
38360,48.2067632667,16.3840055333,Österreich,at
189745,38.8552763833,-77.0503634833,United States,us
597709,52.8162255167,-2.0859870333,United Kingdom,gb
1718776,38.62249863,-90.19291073,United States,us
214472,34.0080600209,-81.0843801498,United States,us
21991,38.9925918579,-94.5943832397,United States,us
767308,31.7773879409,-106.5034977715,United States,us
23256,39.8495018818,-104.673871994,United States,us
577618,47.23622334,-122.37057423,United States,us
26530,30.2288681833,-97.7452663667,United States,us
1198731,33.81712049,-118.11007779,United States,us
290800,42.0105903333,-87.7658963667,United States,us
228566,63.8281358572,20.2663421631,Sverige,se
22346,51.5126219654,-0.1222765446,United Kingdom,gb
798693,52.2943821718,9.8239338398,Deutschland,de
804300,-27.4868688833,153.0334923833,Australia,au
453822,40.7143479333,-73.9609909667,United States,us
907531,39.4807586427,-88.1744778156,United States,us
3208884,33.609149414,-114.605781119,United States,us
1020994,25.0248341283,121.5524446964,臺灣,tw
9848,32.7892112667,-97.3477292,United States,us
179573,29.9025308,-95.6339969333,United States,us
36192,47.6023217333,-122.3343763833,United States,us
29068,35.4492609,-97.4415773,United States,us
86666,33.5269248333,-101.8637386833,United States,us
669960,38.2505962333,-85.6291898,United States,us
189879,59.9260553833,10.7342414833,Norge,no
25752,32.7506880522,-96.8556725979,United States,us
570500,32.8781974833,-96.7709216,United States,us
280165,30.43262945,-87.1917269833,United States,us
19542,37.6163560649,-122.3861503601,United States,us
84396,48.779390381,9.1779613495,Deutschland,de
66418,59.3311591847,18.0566847324,Sverige,se
577336,41.8824227109,-87.6245029076,United States,us
67586,40.7836122541,-73.9744287729,United States,us
106343,50.9371691633,6.9504197904,Deutschland,de
18121,47.6688446117,-122.3328763247,United States,us
4067734,52.49893265,4.82040756,Nederland,nl
3800991,21.518062467,39.1706163,السعودية,sa
58709,56.0203275667,12.7380688833,Sverige,se
1597813,37.5260353088,-121.9995635748,United States,us
82342,59.3300839389,18.076917344,Sverige,se
585120,29.9551018714,-90.0686323643,United States,us
208325,40.7745027087,-73.9835662909,United States,us
46152,-27.5423234706,153.079944849,Australia,au
669590,51.5538248408,-0.1638447599,United Kingdom,gb
14515,37.4157602871,-122.1525514126,United States,us
253557,37.2750702,-121.9237412833,United States,us
78601,37.774333109,-122.4240019491,United States,us
787206,47.6702667667,-122.1212718667,United States,us
985274,37.3377493466,-121.8942975998,United States,us
991381,29.74217005,-95.41940695,United States,us
544164,35.9084482602,-84.1267347336,United States,us
732379,40.7796844162,-73.9553038201,United States,us
71180,51.5057649972,-0.091522336,United Kingdom,gb
81515,59.3369540823,18.017052412,Sverige,se
115212,39.9692516523,-83.0048310757,United States,us
75052,32.8715468167,-96.67894765,United States,us
1271217,21.505682267,39.184190367,السعودية,sa
446390,39.9980981927,-82.8855800629,United States,us
1299887,30.67064373,-87.85027385,United States,us
633266,34.090187226,-118.2917151623,United States,us
641504,45.5072168,-73.5756518667,Canada,ca
209379,40.77253345,-73.9675329167,United States,us
15383,28.4015572,-81.4275956,United States,us
60122,59.3458114156,18.0717265606,Sverige,se
1109314,40.8275891333,-73.9310403,United States,us
48319,37.7931380917,-122.3962925528,United States,us
532353,49.8803045237,-97.1597067622,Canada,ca
204264,41.89154388,12.4859619141,Italia,it
1104537,41.9485193,-87.6540812333,United States,us
111311,59.3358359,18.0523312667,Sverige,se
575413,39.1177770333,-76.6339655,United States,us
606107,34.6740066056,-86.539881787,United States,us
1230193,59.40396515,17.6648305,Sverige,se
200213,32.95844662,-96.85720121,United States,us
1034120,40.6539779073,-73.5703141658,United States,us
380338,59.911278,10.752704,Norge,no
97066,52.1303384167,9.2474900667,Deutschland,de
489225,52.33129915,4.8768593333,Nederland,nl
27861,30.1608147413,-97.790197134,United States,us
434566,32.8231066538,-97.2045904398,United States,us
75121,41.9473408,-87.6748455333,United States,us
332790,28.432122718,-81.3103063372,United States,us
347536,33.0706854968,-96.6894507408,United States,us
50751,29.7669717333,-95.3822442667,United States,us
28277,28.4050851304,-81.5800094604,United States,us
890391,62.47355937,6.15747904,Norge,no
9241,30.2707337816,-97.7537029982,United States,us
478793,57.7343418667,12.94005155,Sverige,se
1265923,29.8190057833,-82.1667634667,United States,us
900092,30.634401822,-97.664500773,United States,us
1443133,59.89317989,10.5127933,Norge,no
591130,34.0340299381,-118.2671383424,United States,us
394092,35.5811791333,-82.52288285,United States,us
298129,36.0933578833,-115.2216296667,United States,us
116100,51.4367414387,0.2701950073,United Kingdom,gb
1036403,51.411779611,6.7152525855,Deutschland,de
218590,33.024709,-96.830471,United States,us
232260,41.7601910833,-88.2172334,United States,us
526727,48.1357929186,11.6697120667,Deutschland,de
204023,53.0276556963,-2.1746747792,United Kingdom,gb
253198,40.7443825333,-73.9783781667,United States,us
511636,53.3852315,9.9788293,Deutschland,de
319857,37.9022635333,-122.5259212667,United States,us
1532629,58.35045405,11.928389883,Sverige,se
1218545,42.914744617,-85.58331745,United States,us
1445372,35.31763659,-119.076459441,United States,us
21215,37.7813234625,-122.396696806,United States,us
77080,32.3599170487,-88.6717271805,United States,us
198237,59.8605001839,17.6394081116,Sverige,se
360776,45.1536308,-93.2256686,United States,us
156504,30.3159015167,-81.6546762333,United States,us
544304,36.0802499,-115.15099489,United States,us
1707282,53.554796383,9.89220435,Deutschland,de
453474,30.2700599333,-97.7424024333,United States,us
185308,47.4229772275,9.369417429,Schweiz/Suisse/Svizzera/Svizra,ch
575167,37.5664787877,126.9849908352,대한민국,kr
566298,32.2823387333,-95.3074668667,United States,us
104525,30.1841420046,-97.8478002548,United States,us
3419785,43.229901317,-79.941907167,Canada,ca
22071,30.26175155,-97.7618140833,United States,us
91999,30.3221650901,-97.7152132988,United States,us
22575,39.0423513833,-94.5898510833,United States,us
333843,35.5377776667,-97.53123505,United States,us
407266,61.5017138134,23.7579131126,Suomi / Finland,fi
96406,35.6097412109,-97.5572738647,United States,us
828799,59.9544945737,10.8666372299,Norge,no
811106,47.6109297872,7.6608073711,Deutschland,de
13875,32.9414749,-97.1557903167,United States,us
793652,32.4783483833,-99.6958575667,United States,us
12405,30.2618515333,-97.9383730833,United States,us
898976,40.8295200936,-73.8252707149,United States,us
121279,51.2186717915,6.7635440826,Deutschland,de
57961,29.9536690667,-95.5865201167,United States,us
35446,30.46415115,-97.8186657333,United States,us
20045,30.2249578833,-97.7628681667,United States,us
419617,52.5202290333,5.484107,Nederland,nl
4097283,51.469726915,-0.459061435,United Kingdom,gb
40762,33.8117285833,-117.9202423167,United States,us
1043183,12.6001600667,99.9495531167,ประเทศไทย,th
677919,40.7915267667,-73.9698897333,United States,us
93690,37.7616827167,-121.9635105833,United States,us
59384,35.61410065,-97.4731608667,United States,us
14189,30.2620983,-97.7543091667,United States,us
53862,28.0566758131,-82.4265640773,United States,us
24386,40.4958522503,-80.25349617,United States,us
9114,37.7879542018,-122.4075329304,United States,us
241528,28.5698708535,-81.3886499405,United States,us
1422837,35.3224086643,139.3923425674,日本,jp
216195,40.7250066241,-73.9907533125,United States,us
3315294,39.9852671376,-104.7672557831,United States,us
93503,59.33433805,18.0730694833,Sverige,se
1216206,68.2374587,14.56629896,Norge,no
9411,30.2576215259,-97.8069019318,United States,us
710551,29.7762894333,-95.4340746833,United States,us
323284,32.75301188,-97.09840238,United States,us
15023,37.7824215609,-122.3925822973,United States,us
288972,55.01688522,8.44028019,Deutschland,de
386326,59.3423103466,18.0280287439,Sverige,se
659913,39.8963456667,-84.19825085,United States,us
19943,37.7678089333,-122.46431665,United States,us
1255882,42.539466017,-71.74318735,United States,us
942367,30.2662304057,-97.7366387844,United States,us
168673,38.7998657167,-77.5181404167,United States,us
1146205,57.6798856562,11.9388878345,Sverige,se
575283,48.7923265,-122.4857028,United States,us
216485,50.8974339306,4.4832171141,België / Belgique / Belgien,be
611676,51.4511340852,6.6290443813,Deutschland,de
1602732,49.79583072,9.91613095,Deutschland,de
108699,50.9398452333,6.9395721333,Deutschland,de
187895,28.3040689609,-81.4223706722,United States,us
183257,-33.8869652969,151.1871957779,Australia,au
1013834,33.5233650241,-117.1525490284,United States,us
872782,36.1560686667,-115.0378428833,United States,us
399758,36.73487045,-119.7907850833,United States,us
144131,57.7889377492,14.1280317307,Sverige,se
790110,52.0771436,4.3145584,Nederland,nl
825408,27.5081728667,-99.5209579167,United States,us
1124021,36.0822975711,-115.1381778717,United States,us
456691,38.9091682256,-77.0751428604,United States,us
958320,13.8338031333,100.6110051833,ประเทศไทย,th
251964,37.7694789167,-122.42877785,United States,us
44991,51.1541818349,4.4069981575,België / Belgique / Belgien,be
65008,55.5753848678,13.0261705025,Sverige,se
1150983,32.7388496667,-97.6448975833,United States,us
1291283,37.3862854,-5.990478483,España,es
815182,32.78080719,-96.80416524,United States,us
854104,29.7510358442,-95.3753153513,United States,us
25427,30.2267475312,-97.7604568005,United States,us
17046,42.347324798,-71.098151207,United States,us
483853,25.7158154667,-80.3365607667,United States,us
645913,30.4506154667,-81.6122062,United States,us
94435,35.493182022,-97.5115554987,United States,us
2262600,57.689142415,11.99440278,Sverige,se
640406,30.14201195,-81.54879965,United States,us
498922,22.317321266,114.169017764,中国,cn
134339,59.3416852,18.0610707667,Sverige,se
1134004,58.07710129,13.02074819,Sverige,se
46904,42.8326403333,-71.3829053333,United States,us
1431301,51.066350933,-1.795544783,United Kingdom,gb
1199578,38.876010933,-77.049584083,United States,us
48617,52.5109100447,13.3896179193,Deutschland,de
524469,38.6354463094,-90.3462125197,United States,us
295640,57.6978009976,11.9747436047,Sverige,se
490882,37.7642914,-122.45707435,United States,us
515611,57.71222445,12.7909944833,Sverige,se
461604,33.7922093333,-84.3889888667,United States,us
452307,36.135491164,-115.1524970604,United States,us
46326,37.7900902949,-122.4013547816,United States,us
1080010,44.4409501333,26.0861349106,România,ro
2478211,45.2641856167,-122.6903048,United States,us
870145,61.0472763833,7.8127225,Norge,no
299400,32.83348055,-97.00706805,United States,us
522433,13.7442925667,100.5428381333,ประเทศไทย,th
939101,30.21148565,-97.8058639667,United States,us
839201,31.070781813,-97.3522782326,United States,us
126294,39.7662015541,-86.1560297012,United States,us
1572815,55.556524183,14.351419217,Sverige,se
729488,30.3338310167,-81.6593737333,United States,us
1119711,51.2297139667,6.7642131833,Deutschland,de
723885,-33.8796142106,151.2092821007,Australia,au
20887,47.6081160868,-122.3369908333,United States,us
375657,30.2861411167,-97.7465703167,United States,us
245835,43.0529779333,-87.89256635,United States,us
105813,59.3475874333,18.1023021667,Sverige,se
27231,33.5996165245,-117.9005849361,United States,us
1488457,35.9678473171,-83.1841635704,United States,us
58725,59.6500508829,17.9322624207,Sverige,se
98809,35.5798065833,-97.5677329833,United States,us
94748,21.2959620237,-157.8205883503,United States,us
72911,41.9400124522,-87.6537108421,United States,us
1371298,37.75881063,-122.41543281,United States,us
17918,47.6405772167,-122.2604649667,United States,us
178030,30.2666010617,-97.7426576614,United States,us
188680,57.66848939,12.29582226,Sverige,se
273821,37.6750994942,-97.3968865829,United States,us
1574012,29.464752122,-98.473157726,United States,us
325487,41.79052715,-72.8634149667,United States,us
329233,32.7774113433,-96.803716685,United States,us
1330173,43.9526486908,4.8066043854,France,fr
950621,56.040758,12.695793,Sverige,se
223617,41.37198626,-72.92216092,United States,us
336305,33.1733537304,-96.6784322262,United States,us
57068,33.6568782667,-101.8232064833,United States,us
1355850,32.9586076,-96.8223492,United States,us
1084514,39.2727475,-76.73189965,United States,us
601663,52.1137597545,5.2968263626,Nederland,nl
18415,30.2581590238,-97.8077495098,United States,us
1555322,59.57946928,17.492365697,Sverige,se
829215,13.767199331,100.5703926086,ประเทศไทย,th
1076284,52.51736085,13.3772250167,Deutschland,de
53626,35.6587171676,139.7014510632,日本,jp
617430,37.7846013221,-122.4068789073,United States,us
494911,35.0779852863,-92.4600040913,United States,us
10067,42.3744375443,-71.1182892323,United States,us
245185,52.5265304547,13.3695533477,Deutschland,de
43787,50.9170004646,6.9657574511,Deutschland,de
655910,38.8048171167,-77.04340935,United States,us
26090,37.7905762167,-122.4341375333,United States,us
155594,51.9906937562,4.3650108576,Nederland,nl
807485,21.5565191333,39.1697392,السعودية,sa
36494,56.1610802587,15.5992555618,Sverige,se
603802,41.8075649946,-72.8266954422,United States,us
443725,32.9112119039,-117.1483755112,United States,us
975034,50.1204449501,-122.954708891,Canada,ca
437617,51.4621354833,-0.1114629667,United Kingdom,gb
253400,32.93127357,-96.82103949,United States,us
111174,48.2164892833,16.3863132333,Österreich,at
75230,34.8268561335,-82.2996168431,United States,us
37669,21.2727260834,-157.8230537576,United States,us
1959931,39.94006925,116.34940385,中国,cn
25678,51.5173808167,-0.0814617333,United Kingdom,gb
1432092,22.2781239526,114.171064496,中国,cn
382469,41.9749897643,-87.8989613056,United States,us
172166,37.0446662108,-76.3899525692,United States,us
958065,57.60518635,13.3701365167,Sverige,se
1089426,10.76531857,106.69064319,Việt Nam,vn
532160,41.8117073821,-72.8298389912,United States,us
570749,37.7726398558,-122.4221241474,United States,us
616216,21.3082368902,-157.8615671396,United States,us
601796,28.04969918,-82.39313513,United States,us
10654,47.6083764871,-122.3403435946,United States,us
922235,42.6724890601,-83.0129144231,United States,us
11543,47.9804813527,-122.2073063321,United States,us
135152,52.398438855,4.9383115768,Nederland,nl
33472,37.3664565757,-121.9263339043,United States,us
61904,34.0423222569,-118.2659604845,United States,us
57598,45.0878621667,-93.4318393667,United States,us
1029667,38.929949,-77.16546,United States,us
422711,50.88678419,-113.972198,Canada,ca
50284,27.999558409,-81.9810478971,United States,us
5526826,50.0305155306,14.4893628359,Česko,cz
717025,21.3090365202,-157.8627741337,United States,us
1464524,44.64557225,-73.303157467,United States,us
31238,51.5102093667,-0.1291067667,United Kingdom,gb
131320,31.4623895167,-100.4379228333,United States,us
795090,3.15008282,101.61622065,Malaysia,my
1094820,47.4868713782,19.0802532434,Magyarország,hu
338664,30.2860863312,-97.7413272858,United States,us
3122286,32.9560554144,-96.7559909821,United States,us
395303,34.0020595,-117.7275273333,United States,us
11844,40.7568799674,-73.9862251282,United States,us
351323,55.6062213872,13.0213707755,Sverige,se
4106593,49.12688452,6.16999506,France,fr
703629,60.3895197009,5.3232230507,Norge,no
257956,38.8808141333,-77.0264187333,United States,us
185463,33.81662205,-84.3902967167,United States,us
1411733,21.6094583273,39.1353178024,السعودية,sa
278321,52.5166159167,13.4179967,Deutschland,de
608782,59.91520988,10.8010174,Norge,no
179776,28.8216569167,-81.6685316,United States,us
900320,30.46901398,-97.79795825,United States,us
452106,38.7410583496,-77.5078887939,United States,us
1235319,59.343794483,18.085656167,Sverige,se
9258,30.2626998369,-97.751326561,United States,us
399896,50.11871492,-122.95581513,Canada,ca
9153,37.759688872,-122.4271774292,United States,us
1017032,56.0081579333,12.7687834333,Sverige,se
532287,39.96255892,-84.1861847,United States,us
3356446,63.413434845,10.460511933,Norge,no
166025,30.3818719336,-97.8848254681,United States,us
267882,26.05323592,-80.2106130123,United States,us
9467,32.7956702433,-96.8008643389,United States,us
28984,43.0809702333,-88.8859276167,United States,us
703242,33.9521970333,-84.5871562,United States,us
704674,30.26573705,-97.74188888,United States,us
167565,-37.8965327833,145.2658129833,Australia,au
155042,36.1065892408,-115.1662874222,United States,us
905577,49.2853468,-123.1229954,Canada,ca
123128,39.8360816333,-75.0066891833,United States,us
331268,47.6555688972,-122.2063836164,United States,us
140924,56.0405430833,12.7045535667,Sverige,se
805700,51.4757238333,7.2162332833,Deutschland,de
106555,29.7392099318,-95.4650825432,United States,us
9302,30.2678427492,-97.7367568016,United States,us
514288,22.248709229,114.1524767876,中国,cn
52683,51.4802269672,-0.1942670345,United Kingdom,gb
655509,35.5307968333,-97.5342338833,United States,us
75673,32.8784222256,-97.0979174179,United States,us
174879,-33.8949361765,150.9387749434,Australia,au
115847,39.9774054333,-83.0033404333,United States,us
279808,32.7755211,-117.1445500333,United States,us
188796,50.10527127,8.64429056,Deutschland,de
1259044,43.0298589333,-88.0404853821,United States,us
823477,47.41723205,-122.2883363167,United States,us
680072,47.34917449,8.52417296,Schweiz/Suisse/Svizzera/Svizra,ch
80090,30.0842737239,-97.8234565258,United States,us
1140228,39.7433812478,-105.072109906,United States,us
1073262,34.1963983168,-118.3516359329,United States,us
86578,41.2374535,-75.8554824167,United States,us
156114,30.2615533373,-97.7889449978,United States,us
91177,32.7312373,-97.7919432667,United States,us
1496103,57.788120567,14.243154617,Sverige,se
512959,42.1701333167,-88.33445225,United States,us
708111,-34.9317702878,138.5972902155,Australia,au
23511,41.5979766833,-87.0460665167,United States,us
1259583,55.60810495,13.007215,Sverige,se
244715,33.9981333167,-118.1450862167,United States,us
23041,32.8118072833,-96.7752961167,United States,us
1032182,38.8115405368,-77.0455224531,United States,us
996972,59.3241262771,18.0966818333,Sverige,se
318582,32.80752068,-117.15588885,United States,us
1157823,30.2693068083,-97.742099762,United States,us
711538,36.83250255,-114.0043464333,United States,us
89119,59.3372112456,18.0911135674,Sverige,se
242169,33.8071882,-118.1684395833,United States,us
1587346,40.7584226,-111.88389155,United States,us
1590854,59.311936,18.030464,Sverige,se
3958929,49.1118105,6.20054656,France,fr
90460,33.7735472333,-84.3630976167,United States,us
448673,50.8492105474,-0.2150595188,United Kingdom,gb
24963,40.6912468675,-74.1795158386,United States,us
80595,59.3394380889,18.0912423134,Sverige,se
144363,30.2661006757,-97.7480435371,United States,us
756764,58.3945231996,15.615827047,Sverige,se
664492,-19.9692951614,-43.9642596245,Brasil,br
17004,30.2561088167,-97.74634525,United States,us
348251,39.25088167,-94.65884107,United States,us
1351141,52.300731667,5.308194983,Nederland,nl
21208,28.371058735,-81.5179699659,United States,us
1056278,37.1277304667,-93.0474523667,United States,us
1470042,5.3255818513,100.286346674,Malaysia,my
268275,47.9187580342,-97.1103858948,United States,us
95382,30.2870079,-97.7334015333,United States,us
1490059,35.9610045422,-83.1865990162,United States,us
305904,33.0709027667,-97.03165755,United States,us
13047,30.2681601,-97.74209975,United States,us
372338,47.6755886713,-122.3658192158,United States,us
1596905,33.787445333,-117.8329561,United States,us
1246987,39.804438,-75.179634,United States,us
779557,33.8701304895,-84.0933948755,United States,us
374380,40.7548644534,-73.9841544628,United States,us
659802,27.8993757833,-82.25064865,United States,us
147917,32.7353354833,-79.9907534667,United States,us
825747,24.7116033127,46.6745245457,السعودية,sa
143121,51.9006603941,0.8926606178,United Kingdom,gb
564100,56.100798521,13.9142489433,Sverige,se
409867,31.4978822239,-97.1603554487,United States,us
300620,35.3387765776,139.4872283936,日本,jp
156391,37.3368640167,-121.9983636333,United States,us
691400,63.4123982133,10.4040312767,Norge,no
333677,37.2199483333,-121.8616925333,United States,us
576389,52.2699169438,-0.0107395649,United Kingdom,gb
825130,50.9653260762,-0.1514126701,United Kingdom,gb
781886,59.3318818167,18.0923576333,Sverige,se
986380,42.06088865,-87.8630967667,United States,us
1012838,34.23963993,-77.94973564,United States,us
846303,37.0248776,-121.5663706333,United States,us
1150332,51.2156020667,6.7553329167,Deutschland,de
1060151,57.7769319167,14.1590747,Sverige,se
458823,34.0476377333,-118.4453945333,United States,us
335699,32.8936442531,-117.2036290169,United States,us
1028682,55.6187994,12.9768598667,Sverige,se
4460292,48.35421639,11.79219913,Deutschland,de
75611,40.73820105,-73.9894884167,United States,us
655863,26.8911825667,-80.1025801833,United States,us
655565,51.5300522965,-2.6001870632,United Kingdom,gb
92464,21.5780136455,-158.20063591,United States,us
19394,32.53761975,-92.6381082833,United States,us
330236,26.38848745,-80.15129441,United States,us
564140,49.5872903833,10.9764067333,Deutschland,de
950557,51.4727494707,-0.0929868221,United Kingdom,gb
75220,30.4791883667,-97.66957415,United States,us
685979,30.2635153076,-97.7401685715,United States,us
1386986,21.611019367,39.1737914,السعودية,sa
1055371,40.8069093167,-74.4632119833,United States,us
506206,33.5705283834,-117.7140721679,United States,us
689712,41.9328589,-87.64203235,United States,us
743012,39.1036817333,-84.2723959,United States,us
133197,40.0517307062,-82.9152774811,United States,us
44437,35.52089355,-97.47269545,United States,us
632895,39.8584091,-104.67408215,United States,us
592856,59.34286636,18.05021673,Sverige,se
459109,43.0896987915,-87.9005661011,United States,us
681442,40.71783161,-73.96113741,United States,us
816573,41.8014907837,-73.1198730469,United States,us
993000,43.2276272,-79.9367359,Canada,ca
1213970,32.94333785,-97.13004702,United States,us
492182,42.34928661,-71.07349759,United States,us
82987,39.0454109901,-94.3578386307,United States,us
1274177,40.9627175331,-8.6352539063,Portugal,pt
299638,40.7615769071,-111.88233964,United States,us
365130,53.7073158166,9.9925858836,Deutschland,de
21003,32.9184023667,-96.9259569667,United States,us
328865,51.5083078167,-0.12872465,United Kingdom,gb
580213,52.0655689292,5.0700616837,Nederland,nl
343048,36.0508285333,-115.2440101667,United States,us
725005,39.1586810333,-75.5558890667,United States,us
223012,56.0471939843,12.6923418045,Sverige,se
771024,33.09723722,-96.80901974,United States,us
825793,34.8737508833,-82.36513715,United States,us
351134,39.30689102,-81.54925966,United States,us
110124,59.3589645864,17.9987490177,Sverige,se
103182,60.6808077522,17.1368694305,Sverige,se
93835,39.7502090789,-104.9871218204,United States,us
688079,46.6023750667,-94.31398975,United States,us
157110,47.615288522,-122.347548405,United States,us
42503,40.7380593525,-73.6121481657,United States,us
76358,51.06759575,5.0878509833,België / Belgique / Belgien,be
162408,37.8839060331,-122.269667387,United States,us
556699,33.4992749163,-86.7958760262,United States,us
1565383,47.554884917,7.590047867,Schweiz/Suisse/Svizzera/Svizra,ch
92710,21.2942826463,-157.8171229362,United States,us
36991,35.9097780333,-78.9389421333,United States,us
512537,25.6855601167,-80.3643636167,United States,us
28291,37.7969563333,-122.43521565,United States,us
490619,52.274236786,8.0455327034,Deutschland,de
215314,33.7427196071,-84.2611452293,United States,us
26149,38.6865419833,-93.2515202667,United States,us
9226,30.2663601354,-97.7427971363,United States,us
793332,52.0966492333,5.1325935333,Nederland,nl
315237,45.0331882833,-93.3718242,United States,us
781153,10.7720858429,106.6917005143,Việt Nam,vn
1463716,59.847288623,17.583568856,Sverige,se
836934,57.77942675,14.1933276833,Sverige,se
19480,37.5996801843,-122.3865795135,United States,us
4665020,36.0055017471,-83.878313899,United States,us
14628,32.7548161163,-97.3307400942,United States,us
253044,33.6407260225,-84.4313083512,United States,us
163779,49.5098149676,11.425909996,Deutschland,de
1070675,45.483783,9.21922153,Italia,it
1047320,39.6762793667,-104.9135561667,United States,us
258284,52.0927363396,4.3598577804,Nederland,nl
1558089,47.00770935,-114.211797483,United States,us
190787,29.7803571721,-95.5403246865,United States,us
39988,48.4236991333,-123.3561614667,Canada,ca
39421,42.7903019333,-86.1042079,United States,us
30457,37.2158462333,-93.2239979333,United States,us
942583,24.9879105684,121.5746963024,臺灣,tw
302617,18.381335338,-65.9633624554,United States,us
907844,47.6088781199,-122.3364968524,United States,us
1207383,22.8749791049,-109.9304008484,México,mx
871647,41.620513455,-83.5833996534,United States,us
101371,45.5127152125,-122.6791119576,United States,us
271508,48.7817731333,9.2685338833,Deutschland,de
717265,33.0312154,-96.8324354333,United States,us
1111603,63.8007756667,20.3191589667,Sverige,se
434619,34.1343907134,-117.2070300579,United States,us
124175,52.5033309418,13.4692168236,Deutschland,de
1059488,57.8865493167,11.5852462,Sverige,se
1061262,13.7602066833,100.4970287333,ประเทศไทย,th
897864,26.3044424366,-98.1793534756,United States,us
45179,47.6102809881,-122.3399646868,United States,us
72037,42.5416716059,-70.9430610426,United States,us
84405,59.3291069302,18.0677676201,Sverige,se
223407,37.3820360333,-121.9774055333,United States,us
451153,51.2225905167,6.7932613333,Deutschland,de
1156772,32.7325064667,-97.3996592667,United States,us
373505,47.3778442333,8.5396425,Schweiz/Suisse/Svizzera/Svizra,ch
321560,26.3956000122,-80.1462817847,United States,us
1121806,41.2268811167,-73.0709157167,United States,us
569014,40.8544697624,-73.8858064586,United States,us
1233824,34.5378906407,136.0406139493,日本,jp
1023313,52.5543917582,13.2902169228,Deutschland,de
40392,42.947941619,-87.9032850266,United States,us
920631,14.592926,121.0580376667,Philippines,ph
648665,53.55331367,10.00628018,Deutschland,de
235346,58.2269086333,14.6682999333,Sverige,se
328176,34.1799341833,-118.8766186833,United States,us
528007,55.7188984369,13.2011139393,Sverige,se
507282,38.9611206055,-95.2425765991,United States,us
1128681,32.7829635,-96.76700875,United States,us
26286,37.4368647002,-122.1596431732,United States,us
54214,36.6160212333,-121.9002951333,United States,us
22744,37.8047887,-122.41311945,United States,us
1228195,28.1654607468,-96.9986236095,United States,us
14244,32.8776597833,-97.09783315,United States,us
844527,46.0286753,14.5235944167,Slovenija,si
607203,29.9555761237,-90.0679138733,United States,us
381215,38.3494203333,-75.60157105,United States,us
542687,32.84642175,-97.1404441833,United States,us
516034,32.09994387,34.77876204,ישראל,il
1382311,33.198224208,-97.090798294,United States,us
439127,53.5323689166,8.1386053562,Deutschland,de
105291,57.6996012174,11.9618475437,Sverige,se
403329,41.8417699224,-88.0112035837,United States,us
182745,55.70339846,13.18415433,Sverige,se
1205797,35.49839246,-97.52147209,United States,us
99077,30.2574116,-97.724705,United States,us
190562,40.7684111085,-73.9827811718,United States,us
1006352,42.4440604608,-76.4787054062,United States,us
545001,57.1059528964,12.2472667694,Sverige,se
44818,41.6185865126,-87.8527200222,United States,us
260538,37.8079388267,-122.2691363202,United States,us
296001,32.4089509425,-88.7733507156,United States,us
941642,52.2970561667,5.1613106,Nederland,nl
339822,42.9122855374,-85.5426836014,United States,us
566798,33.6894415866,-117.8949453087,United States,us
1141008,34.0049977333,-117.6887613667,United States,us
923763,35.53862095,-97.5315695667,United States,us
217664,44.854083079,-93.2428492856,United States,us
363750,43.6653768,-79.4100178167,Canada,ca
241229,42.9903971749,-81.2254428864,Canada,ca
774049,43.0900147621,-79.0675520897,Canada,ca
73633,59.1925376833,17.6197433667,Sverige,se
757862,42.1372813167,-88.0172865333,United States,us
4644235,32.332551667,-95.289158483,United States,us
648924,28.3547743667,-81.5602366167,United States,us
1102213,40.7853263286,-73.9569890499,United States,us
382099,37.7936310159,-122.3991737689,United States,us
330167,36.812755,-119.746985,United States,us
2015224,38.2840888,-77.5710854,United States,us
149355,37.7947994405,-122.4001574802,United States,us
656242,37.3345031705,-79.2421035296,United States,us
1180711,45.0922353667,-93.4383586167,United States,us
492710,39.04138475,-94.59118241,United States,us
471200,30.17211269,-95.4749464989,United States,us
106933,28.5533331812,-81.3642418385,United States,us
449177,39.9616722833,-86.0191863167,United States,us
1343345,51.4861933839,11.9436514378,Deutschland,de
364693,32.8604286598,-96.749039762,United States,us
28459,37.3221883974,-122.0306013678,United States,us
73120,59.3308253598,18.0717802048,Sverige,se
26115,51.4842320833,-0.6120516833,United Kingdom,gb
394104,49.45508145,8.4814560833,Deutschland,de
162972,59.3418701,18.0855292,Sverige,se
90231,50.818313508,-0.3931796551,United Kingdom,gb
1301196,43.002407967,-71.389975217,United States,us
4503972,33.761802827,-84.38387147,United States,us
1050769,37.8088389167,-122.4102428167,United States,us
1602276,29.7700738907,-95.4305076599,United States,us
679952,58.4327816833,15.5898571,Sverige,se
36396,37.8020933,-122.4128455,United States,us
194431,38.15346401,-79.10470807,United States,us
583480,51.5127691224,-0.1318720392,United Kingdom,gb
854449,34.0543653833,-118.35492455,United States,us
96806,33.5968372857,-112.2190868855,United States,us
285436,30.3824735383,-97.6866102219,United States,us
72033,34.1571696,-118.4385538,United States,us
1352013,45.443247108,-122.632824196,United States,us
466818,36.0696002333,-79.8679849333,United States,us
1424039,51.854354521,-0.620221253,United Kingdom,gb
637949,30.20944795,-97.78536255,United States,us
1221624,49.6761149168,18.3397275209,Česko,cz
3299410,41.632162571,-93.700010749,United States,us
863559,48.7704223833,2.4090864333,France,fr
74651,32.84220355,-97.34358935,United States,us
319022,36.1426824667,-115.1371529167,United States,us
152557,51.5139239633,-0.103726387,United Kingdom,gb
846106,33.6914127855,-117.8879359428,United States,us
673809,30.270023,-97.736121,United States,us
9299,30.2668082667,-97.7459406833,United States,us
350114,59.308541707,18.0763144297,Sverige,se
634975,51.5025051757,-0.0188398361,United Kingdom,gb
88685,32.7843022167,-96.8086906833,United States,us
418733,51.5096676333,-0.12544155,United Kingdom,gb
111573,41.5229572023,-88.1489244103,United States,us
1468887,32.902582617,-97.044772283,United States,us
306934,59.3456701167,18.1086852333,Sverige,se
115442,59.3197174154,18.0611633693,Sverige,se
251170,55.5512413667,12.99367135,Sverige,se
1327039,-23.5498251125,-46.6511678696,Brasil,br
22833,51.4711990231,-0.4536151886,United Kingdom,gb
993730,36.062043,-115.242221,United States,us
120146,36.9972264907,-122.0555716217,United States,us
77684,57.6770174833,12.0270727,Sverige,se
161008,51.05593496,3.72050625,België / Belgique / Belgien,be
284226,38.7191416,-90.3863269167,United States,us
1113360,49.9512534333,15.7940441333,Česko,cz
123455,30.2471311333,-97.7812906833,United States,us
43045,37.3484477,-121.9483449167,United States,us
373301,18.4421586873,-66.0176503658,United States,us
147573,37.3231959333,-121.9599795333,United States,us
152743,49.4527197044,11.0810744762,Deutschland,de
956346,48.4766625403,-123.3327180147,Canada,ca
34945,33.5443055167,-117.7819822333,United States,us
595280,37.8032491167,-122.4572728,United States,us
40016,30.5565524667,-97.8440908167,United States,us
629413,30.3428808833,-97.72525685,United States,us
1299237,38.752691417,-8.941512183,Portugal,pt
702911,30.3051509088,-97.7125096321,United States,us
948571,32.91637854,-96.9938180404,United States,us
184301,37.3360269667,-121.8908787667,United States,us
45144,32.7905395593,-96.7976081371,United States,us
157116,29.5725478833,-98.3259134,United States,us
681088,51.2783184756,6.7670038372,Deutschland,de
92581,21.2977013587,-157.8385591507,United States,us
1256094,33.105426695,-96.83872115,United States,us
80772,33.17044585,-96.8671634167,United States,us
293137,40.7976647347,-81.9400155544,United States,us
1476899,59.651145154,17.92838475,Sverige,se
1340751,48.888620785,2.39242394,France,fr
110812,57.7163175,12.0047990333,Sverige,se
177713,21.33570205,-157.959403,United States,us
245969,33.5550306128,-117.2114015866,United States,us
1237234,49.125485117,-123.186652467,Canada,ca
42113,21.2944425878,-157.8534507751,United States,us
1022506,27.8388404846,-82.6917314529,United States,us
212010,47.3642434684,8.5214985973,Schweiz/Suisse/Svizzera/Svizra,ch
1289524,35.719885,-79.17282705,United States,us
523134,59.3525226305,18.0170845985,Sverige,se
1250234,34.029365033,-118.475506867,United States,us
2964331,43.0624036353,-87.8997579217,United States,us
151902,29.774675,-95.7424320667,United States,us
1138383,43.0494056247,-87.9830608856,United States,us
12921,37.4449360333,-122.1611452,United States,us
837829,29.5470955123,-98.5655042464,United States,us
1487001,53.19079107,-2.88954496,United Kingdom,gb
680922,30.3190625609,-97.7550494671,United States,us
970428,59.9280343619,10.7498336465,Norge,no
266141,17.6989274572,-64.7965586185,United States,us
1213799,39.202207033,-75.553501683,United States,us
894546,28.0320560932,-80.6229919195,United States,us
166160,26.708813412,-80.05651474,United States,us
1328742,40.74948412,-73.99181872,United States,us
634131,55.4527946167,11.7891694333,Danmark,dk
12207,33.0988399983,-96.8111801147,United States,us
3330551,35.6718616529,139.7347211838,日本,jp
228029,30.4814009317,-97.6718258858,United States,us
362293,52.0775122333,4.31436815,Nederland,nl
44898,32.7095007068,-117.1558105946,United States,us
1232794,44.9341926,-93.320281733,United States,us
1140625,33.90251743,-84.48690611,United States,us
287093,33.4375385935,-117.6229548454,United States,us
22184,34.0555483265,-118.2498192787,United States,us
730828,51.5340768135,-0.1064622402,United Kingdom,gb
1212114,30.023817967,-82.32330275,United States,us
443137,38.9944726244,-94.7140467167,United States,us
83631,21.4198330535,-157.8052139282,United States,us
489237,51.5195816667,-0.0870868667,United Kingdom,gb
1091302,30.2272479833,-97.88554,United States,us
910394,58.7920359167,9.3725494333,Norge,no
2574909,37.1738468833,-93.2702987667,United States,us
507402,30.5088646667,-97.7746473833,United States,us
115023,51.51567835,-0.1407494833,United Kingdom,gb
332289,33.7831397833,-96.6367690333,United States,us
1181501,47.4607731167,-122.2566485167,United States,us
413564,35.6735916138,139.7376327515,日本,jp
29021,32.8663439667,-97.13032065,United States,us
9470,32.9415557987,-97.1113300323,United States,us
2390093,59.2615569896,18.0819565058,Sverige,se
1150893,42.3755154702,-72.5368988514,United States,us
93462,55.5969167108,13.0008924007,Sverige,se
553977,41.7250938416,-72.757724762,United States,us
788405,35.6652145386,139.7612533569,日本,jp
3198078,-37.8347170768,145.0602042675,Australia,au
200807,37.87411779,-122.26560384,United States,us
882403,42.6345121833,-73.7773171667,United States,us
1146287,-33.93586289,18.45174813,South Africa,za
330665,44.9802968466,-93.1718623638,United States,us
361439,32.7659163667,-96.7870831,United States,us
258428,55.6239738254,13.0634951591,Sverige,se
264045,33.9375957167,-83.3869088833,United States,us
614451,51.4832874833,6.6271309,Deutschland,de
33278,49.2529818833,-122.8464130333,Canada,ca
1563836,34.140926924,-118.132164569,United States,us
89078,55.6070388025,13.0182301998,Sverige,se
929407,52.2875893833,7.72907455,Deutschland,de
22420,36.1099003714,-115.1703965664,United States,us
508719,59.4051871812,18.3172774315,Sverige,se
13430,46.0610389667,-118.34599255,United States,us
10020,38.99243115,-94.5962119,United States,us
40078,47.6182056471,-122.1845555305,United States,us
12399,30.2615438029,-97.9378581047,United States,us
881404,13.57526093,100.58666521,ประเทศไทย,th
64115,45.5282988167,-122.68104585,United States,us
1123512,-27.4452024333,153.1012952833,Australia,au
293730,37.98669205,-122.3105862,United States,us
73778,41.9328701045,-87.6402201242,United States,us
1585152,51.5729821409,-0.3334307671,United Kingdom,gb
12157,40.78045605,-73.968544,United States,us
11686,32.8249704833,-97.1866035333,United States,us
1133796,49.7407286833,8.5802524167,Deutschland,de
1220750,50.1710643251,-5.1254224777,United Kingdom,gb
218732,39.7522547393,-104.9992346764,United States,us
2630366,49.602167267,11.008129417,Deutschland,de
138649,32.9330553667,-96.8189800833,United States,us
10279,30.4077699756,-97.7132874727,United States,us
124902,39.1551398607,-84.4272065163,United States,us
32882,32.7260930667,-97.79818845,United States,us
1170655,59.2943750768,17.981018822,Sverige,se
1120915,60.3800695989,5.3215050901,Norge,no
1579032,35.7560813654,139.648514986,日本,jp
88971,59.3268817167,18.0146090167,Sverige,se
397079,34.0428719679,-118.3768057823,United States,us
442551,37.2080868602,-93.2898198862,United States,us
9783,34.13726805,-118.3595967167,United States,us
52903,46.06721945,-118.3394758,United States,us
381021,32.8387023667,-96.8648647333,United States,us
764931,32.6780251833,-97.1486322,United States,us
846589,24.69362097,46.68169689,السعودية,sa
1222098,50.1643520594,-5.1326590776,United Kingdom,gb
120557,33.0771488297,-96.8216396116,United States,us
446723,47.382209489,8.4971273416,Schweiz/Suisse/Svizzera/Svizra,ch
1315806,20.9873995,-89.632524517,México,mx
76888,45.518767072,-122.6641345024,United States,us
1245681,59.637243333,17.929558333,Sverige,se
16793,33.6407762995,-84.439201355,United States,us
73825,56.8987324363,14.5575928688,Sverige,se
984900,52.0192725011,8.5358726978,Deutschland,de
942395,32.784938422,-96.8006443977,United States,us
314709,34.1109765333,-118.34875195,United States,us
54679,33.0002899333,-96.9637638833,United States,us
323876,28.7739537813,-81.3568113544,United States,us
1472248,49.259101069,-123.140592583,Canada,ca
870015,45.6434631014,12.3166072369,Italia,it
23090,51.5144113683,-0.1419210434,United Kingdom,gb
28673,37.5566051333,-77.4887964,United States,us
774764,59.37876772,17.99461394,Sverige,se
822946,52.3682760781,4.9356959526,Nederland,nl
639787,34.8625879525,-82.3396754265,United States,us
726047,35.1874981667,-111.66602995,United States,us
195404,40.6255083409,-111.8515813351,United States,us
804400,13.725648696,100.5445253849,ประเทศไทย,th
148337,13.837208,100.5539911667,ประเทศไทย,th
506462,43.3430424665,-79.8253163695,Canada,ca
186459,51.4778749289,7.2264075279,Deutschland,de
109197,41.1449516658,-87.8627568483,United States,us
51538,28.3729184345,-81.5146279335,United States,us
506236,59.3302671533,18.0585944653,Sverige,se
459671,34.0287621795,-118.4022545815,United States,us
1139202,51.5142450167,-0.0941617333,United Kingdom,gb
158325,21.3349439419,-157.860662955,United States,us
885585,57.29306471,18.50943076,Sverige,se
1357139,59.85185975,17.653922183,Sverige,se
153989,40.0089710562,-105.2686786652,United States,us
1072882,28.3629137667,-81.42015855,United States,us
3917254,48.817229893,2.350206741,France,fr
773053,29.4707306,-95.08944672,United States,us
1205458,26.525098,-81.872522,United States,us
871582,45.3641546543,-75.6199800968,Canada,ca
17208,30.2691029532,-97.7493953705,United States,us
703421,44.0256192667,-92.45098485,United States,us
667599,47.6114867228,-122.3331284523,United States,us
1235241,59.3291502,18.1032248833,Sverige,se
1413381,59.323177767,18.068254065,Sverige,se
1592978,56.0167503,12.727700667,Sverige,se
1136753,30.5649677509,-97.6895606518,United States,us
554528,63.38340121,13.17629516,Sverige,se
60412,33.8137698667,-117.9180142,United States,us
906320,29.7843619947,-95.5630731583,United States,us
171522,30.3138700833,-81.6817273167,United States,us
944486,57.6430637667,11.9894061,Sverige,se
1458862,44.498464267,-84.5920127,United States,us
3173844,42.773398867,-83.019175367,United States,us
638686,40.7646895071,-73.9663767815,United States,us
1029510,47.003345387,-120.5425653264,United States,us
2075549,51.9234464,4.469914,Nederland,nl
937037,33.5582156833,-117.6691668167,United States,us
78129,37.4474793167,-122.1601217333,United States,us
263132,18.4638105,-66.1126658667,United States,us
40021,30.3139989667,-81.6961246167,United States,us
398421,30.1530965149,-97.7870200574,United States,us
55569,33.8523804167,-118.1411841833,United States,us
293793,33.8580122167,-118.0844589,United States,us
2197292,29.5315879583,-95.2871543169,United States,us
1279208,32.850162567,-97.110173367,United States,us
70589,30.1632564333,-97.78916825,United States,us
399242,32.7861091929,-96.8016809235,United States,us
179062,24.7034599901,46.701451242,السعودية,sa
482351,53.0737046,8.82070928,Deutschland,de
578452,52.2494149339,21.0125648975,Poland,pl
547383,34.2179043833,-119.0770219667,United States,us
1020711,47.8313337167,-122.2789731,United States,us
737688,32.7851999833,-79.9586052167,United States,us
182685,37.7861504804,-122.4567342737,United States,us
215021,39.0205541276,-94.6563440892,United States,us
70420,37.7859817336,-122.4058700117,United States,us
11076,36.1606278,-86.7781333,United States,us
53769,51.5153394265,-0.1418566704,United Kingdom,gb
1276474,35.25984305,-112.11676955,United States,us
1348866,51.92411607,4.48500251,Nederland,nl
135319,53.5595575888,9.9903702736,Deutschland,de
364712,33.01955455,-96.7007181167,United States,us
262431,41.4750781237,-81.9038639755,United States,us
129397,45.8500896667,-95.3891856833,United States,us
457425,41.8780370205,-87.6274681091,United States,us
665034,57.6280025333,18.2989502333,Sverige,se
124078,48.7550035167,9.1382703333,Deutschland,de
1418393,40.04498559,-85.99942886,United States,us
3399702,33.102793723,-117.215675314,United States,us
13353,57.69857525,11.9920921167,Sverige,se
211043,30.2113242833,-97.8217419667,United States,us
27348,37.5324868295,-77.4201468876,United States,us
27202,37.7647247326,-122.4026565631,United States,us
820971,59.6081695557,16.63376269,Sverige,se
155635,64.7498852333,20.9449943667,Sverige,se
469806,59.3368989177,18.0561919908,Sverige,se
160732,51.4548559728,7.0136761665,Deutschland,de
67488,58.6182406583,16.1564898491,Sverige,se
25998,32.7861222666,-96.7884001136,United States,us
893637,39.0803539753,-108.563670516,United States,us
622791,28.3739568312,-81.5516638756,United States,us
656866,36.0909205167,-80.2414266333,United States,us
1275789,49.6753141387,18.3521461487,Česko,cz
829562,35.7536792833,-78.8494189667,United States,us
1382382,36.506950083,-88.892241433,United States,us
72633,34.1443571966,-118.2578576851,United States,us
326770,14.5588493621,121.0183310509,Philippines,ph
426968,35.8367008,-78.64230545,United States,us
79413,59.3340277726,18.0642060082,Sverige,se
927889,32.7513963784,-97.3313248158,United States,us
1125453,59.3174573535,18.0533963442,Sverige,se
316212,28.541807102,-81.3792514801,United States,us
1177232,21.5242622333,39.1901020167,السعودية,sa
1465019,33.6660856833,-117.9034140333,United States,us
13069,30.3600450634,-97.7348470688,United States,us
862076,32.886290957,-96.7690375153,United States,us
12824,30.2850209029,-97.7335059643,United States,us
100169,51.4963373833,-0.0145931167,United Kingdom,gb
33966,43.0819335167,-89.3658357333,United States,us
347420,42.289100647,-83.3307189941,United States,us
547661,33.8091411115,-118.1248390675,United States,us
651550,30.2428426569,-97.7832649648,United States,us
50402,59.4033032267,17.9442358017,Sverige,se
100981,53.5218648881,-1.139960289,United Kingdom,gb
1143791,32.89757472,-97.04373979,United States,us
86912,65.832014,21.6979168333,Sverige,se
287453,40.7188919598,-74.0101271819,United States,us
1215803,41.148767817,-8.611039133,Portugal,pt
1034078,51.9314021667,4.5903630167,Nederland,nl
665395,50.49331324,12.1339123383,Deutschland,de
10190,33.9435379571,-118.4071683884,United States,us
18022,38.0476503167,-84.6066161667,United States,us
743649,51.2249612859,6.7722451687,Deutschland,de
1097297,56.9520602573,24.1027486324,Latvija,lv
1529852,53.19786695,10.635737517,Deutschland,de
616405,30.22713705,-97.9629413667,United States,us
1008970,44.9587475107,-124.0119767189,United States,us
1058922,51.2221526222,6.7787790298,Deutschland,de
1231836,29.792123283,-82.49570935,United States,us
630232,49.8542093,10.24103617,Deutschland,de
135485,50.824969943,-0.1387246414,United Kingdom,gb
1033075,27.9455291133,-82.5258226427,United States,us
362678,52.4039363925,9.731702116,Deutschland,de
97198,37.978210772,-87.5721395016,United States,us
46120,52.5576728143,13.2863330841,Deutschland,de
76127,59.3136754802,18.0758035183,Sverige,se
179129,37.3192620872,-121.9476413727,United States,us
59542,32.7313318,-117.1500760833,United States,us
178776,47.6125861107,7.6623094082,Deutschland,de
312646,59.3344589501,18.0860388279,Sverige,se
143182,40.7188864233,-73.9896522257,United States,us
36944,37.7535778669,-122.4186735371,United States,us
358516,42.12887275,-71.0096775833,United States,us
17926,32.7541748,-97.3333543833,United States,us
513900,32.7849398506,-96.7949036381,United States,us
495101,30.4491448,-91.18862645,United States,us
316637,30.2557309927,-97.7633857727,United States,us
110347,59.3306451617,18.0680280443,Sverige,se
27585,37.7731498,-122.44034505,United States,us
1297724,33.80289202,-118.12519365,United States,us
582342,30.6195864716,-96.3422119617,United States,us
1229041,32.836570817,-97.220769233,United States,us
1272360,41.726046,-85.972568,United States,us
328916,33.7957042333,-84.3871714667,United States,us
246704,34.0195184,-80.9688907167,United States,us
57910,47.6087164521,-122.3410570621,United States,us
677035,39.6866708333,-75.6525540667,United States,us
544642,52.2200704678,21.0120820999,Poland,pl
1264475,22.3867675,113.98029577,中国,cn
745532,37.771647621,-122.4188089371,United States,us
316928,34.1831801,-118.3115854833,United States,us
200669,52.0293315053,8.5317376672,Deutschland,de
1035084,34.4239319167,-118.5981632,United States,us
84371,59.3239128043,18.0706965923,Sverige,se
132184,42.9138649283,-78.7628102303,United States,us
41431,40.7368872833,-73.9965411833,United States,us
408307,58.6709998918,16.3683897257,Sverige,se
1242427,40.76752406,-73.96441417,United States,us
203639,46.2309096333,-119.1371733167,United States,us
15474,38.280766,-95.2420234667,United States,us
759796,42.9484128103,-87.9107308388,United States,us
279411,26.13656735,-80.10330705,United States,us
1127254,50.124560903,14.4555187225,Česko,cz
1061874,59.429144,17.949024,Sverige,se
603691,39.9959045649,-83.0434173346,United States,us
5912882,30.269071695,-97.749408775,United States,us
445749,51.6314809833,-0.1280698667,United Kingdom,gb
65997,39.682321012,-104.9615994918,United States,us
386102,51.3814842145,-2.3587667942,United Kingdom,gb
1277253,37.321594462,-79.236279468,United States,us
1941005,30.199970406,-81.572991792,United States,us
776875,59.3336381429,18.0390572548,Sverige,se
39603,32.9214387654,-96.7766225338,United States,us
1968175,33.9872950315,-84.1332578659,United States,us
100648,59.0393624384,18.0141878128,Sverige,se
634865,1.3995876583,103.7488102913,Singapore,sg
204919,51.9234523406,4.4852843228,Nederland,nl
1269549,-34.92460095,138.59378141,Australia,au
23953,43.6946235333,-79.2895337333,Canada,ca
67523,57.7211109339,12.0522594452,Sverige,se
989277,52.5019161333,13.3347967333,Deutschland,de
148018,39.7535827363,-104.9948894978,United States,us
577071,55.87911464,12.85610361,Sverige,se
60114,59.3135495474,18.0441856384,Sverige,se
966912,21.5359298176,39.1776913404,السعودية,sa
1260541,56.04044115,14.16996693,Sverige,se
1998347,48.8997905575,18.0575537682,Slovensko,sk
829507,59.3106507549,18.0277481458,Sverige,se
554862,47.6758251333,-122.3182593,United States,us
1329897,39.9500412754,-75.164347887,United States,us
1151192,37.8003098,-122.2716195,United States,us
245943,30.461784903,-97.8157330508,United States,us
40437,42.5195652667,-70.8949705667,United States,us
943655,52.0692675333,4.3214602167,Nederland,nl
10487,43.02823305,-81.28015995,Canada,ca
1407009,51.429215507,6.700144225,Deutschland,de
234492,40.7649154663,-73.9785842896,United States,us
242419,28.594808,-81.3507884,United States,us
700581,12.9731869294,80.2204030752,India,in
4769209,-23.534814,-46.686432,Brasil,br
755293,32.5188455167,-93.7394472,United States,us
112842,37.4486761127,-122.1588230749,United States,us
287698,36.8511604662,-76.0158683972,United States,us
69245,59.3374136919,18.0613517761,Sverige,se
42124,30.2698105017,-97.7489702462,United States,us
229817,38.8999842101,-76.9945156574,United States,us
62854,37.3292954237,-122.0310258865,United States,us
25141,34.0008468718,-81.041175127,United States,us
531986,51.5055159958,-0.1001730255,United Kingdom,gb
1456528,47.8585834867,7.6195442677,Deutschland,de
94112,21.2917335546,-157.8225302696,United States,us
1589774,47.58051025,-122.13743436,United States,us
46077,55.6092325881,13.0011928082,Sverige,se
226012,32.9327839409,-96.7002612043,United States,us
991436,31.0721562333,-97.6667859833,United States,us
717100,43.4564137333,-80.4609692333,Canada,ca
1016130,1.32628154,103.85031425,Singapore,sg
295205,59.3472390956,18.0682396889,Sverige,se
126207,39.0363529627,-77.4080371857,United States,us
83282,33.1175839896,-96.8399706271,United States,us
440650,39.2833734,-76.57276,United States,us
67249,21.2933621667,-157.8392114833,United States,us
765233,59.3539090953,18.1355448576,Sverige,se
412256,49.4523170788,11.0777199173,Deutschland,de
323329,47.5198580667,8.5131210667,Schweiz/Suisse/Svizzera/Svizra,ch
1221431,48.144178483,11.50301975,Deutschland,de
235259,45.5236716049,-73.5767297107,Canada,ca
470838,52.1501868333,6.7110101333,Nederland,nl
88076,35.78519505,-78.68843835,United States,us
604542,42.4724134547,-71.0887956619,United States,us
1314774,-33.8224067,151.1942196,Australia,au
17953,39.7553912333,-105.221464,United States,us
1132901,13.74891572,100.58427316,ประเทศไทย,th
774906,51.491604576,7.2114300728,Deutschland,de
19565,28.5551468167,-81.3331781667,United States,us
194470,41.65793907,-81.36293441,United States,us
17059,39.7592957,-104.9854823167,United States,us
113171,37.4235318167,-122.1969492,United States,us
700984,39.06229835,-76.5868561,United States,us
1188036,21.507180073,39.1650366783,السعودية,sa
567858,40.7429245306,-73.9927911758,United States,us
501323,53.6321514,-113.6234247833,Canada,ca
423131,-6.2296830721,106.792473793,Indonesia,id
394230,33.7737117667,-84.3491011833,United States,us
208417,40.743874309,-73.9871720907,United States,us
970886,33.8041806221,-118.2198536396,United States,us
1203558,31.6868118,-91.1892344333,United States,us
25297,42.388453099,-71.1192280054,United States,us
314204,28.4748562667,-81.4563739833,United States,us
156028,51.5671709,6.7375249667,Deutschland,de
634997,51.45793479,6.61960107,Deutschland,de
620180,52.4364700317,13.4557571411,Deutschland,de
333676,44.83002225,-74.5149510333,United States,us
112260,51.5268793513,-0.128545414,United Kingdom,gb
79964,47.0615202729,8.2811701298,Schweiz/Suisse/Svizzera/Svizra,ch
666278,33.9051503167,-84.48460505,United States,us
164671,59.3146062734,18.0757498741,Sverige,se
1395626,-34.825522167,138.499748983,Australia,au
999492,40.8125587409,-73.9416146278,United States,us
97010,37.3210538527,-121.9497656822,United States,us
947412,33.4655838013,-112.0632400513,United States,us
266853,43.3409365333,-89.0126674667,United States,us
505393,48.14761066,17.11104315,Slovensko,sk
130212,53.7771960333,12.5717635333,Deutschland,de
1536263,33.517604762,-86.800704002,United States,us
764895,32.7085721333,-117.1706015333,United States,us
240562,52.0788927167,4.3136221333,Nederland,nl
1239776,47.4720464391,19.0155744553,Magyarország,hu
974598,52.5330551333,6.0567740667,Nederland,nl
41834,28.5404450833,-81.1789195333,United States,us
137120,57.6975315302,11.9861376286,Sverige,se
11678,33.7491430445,-84.388153553,United States,us
978874,38.7647459329,-9.1522711515,Portugal,pt
109533,34.01759115,-118.40947635,United States,us
1114651,41.4817048271,-82.6871609688,United States,us
150847,36.7570777713,-76.0084886739,United States,us
820726,30.2734579457,-97.7664220333,United States,us
3011454,21.56023806,39.17044371,السعودية,sa
697495,39.06959557,-76.63545918,United States,us
502829,34.1685588843,-118.1130310511,United States,us
133759,56.6639087333,16.3626304667,Sverige,se
987811,36.3517799502,127.3836743832,대한민국,kr
393032,33.6968039833,-117.8583550333,United States,us
88319,34.1842844491,-118.3134734631,United States,us
44575,37.32536105,-121.9487913333,United States,us
927786,51.1396605167,3.41333585,België / Belgique / Belgien,be
181722,43.060313006,-87.8851613644,United States,us
184401,30.4033422997,-97.7044200897,United States,us
2877448,57.62029182,11.93909382,Sverige,se
289075,51.4962762333,6.7704284333,Deutschland,de
1485608,1.342863,103.848196,Singapore,sg
435479,13.693441108,100.6478977203,ประเทศไทย,th
138966,33.0132676277,-96.5778145194,United States,us
1084777,50.08619802,14.3702673912,Česko,cz
536094,59.34000939,18.07224136,Sverige,se
428676,51.2211731667,6.7940174833,Deutschland,de
27305,30.2689639609,-97.7405011654,United States,us
87512,37.1372870026,-93.326100111,United States,us
35832,37.7785845,-122.396863,United States,us
246324,33.8307573927,-84.3561474775,United States,us
1524604,36.771988,-119.78025,United States,us
1671634,59.331424407,18.055882836,Sverige,se
1288949,21.573772983,39.111032417,السعودية,sa
9758,47.6100256583,-122.3426234722,United States,us
161037,30.4222081167,-97.7017721833,United States,us
505785,33.07552593,-117.0700019,United States,us
108631,50.9367484167,6.9405742833,Deutschland,de
129481,32.71356475,-117.15990668,United States,us
3761242,21.403095,39.7942997,السعودية,sa
90835,56.1646118164,15.5943222046,Sverige,se
412854,46.7962866088,-71.1695437597,Canada,ca
345013,34.17604925,-84.7870273,United States,us
353162,40.7506056663,-73.9892935753,United States,us
1168942,42.2088837333,-88.2413935661,United States,us
51484,32.73676545,-97.3271131167,United States,us
497293,38.9696884069,-77.3862914769,United States,us
334965,41.4919520751,-72.0873069763,United States,us
1507249,57.6925894,11.94818407,Sverige,se
293253,30.0208800333,-81.7040325333,United States,us
338318,51.3049428786,9.4439721107,Deutschland,de
155933,56.0472527,12.6913309833,Sverige,se
112729,47.0511084667,8.3120271333,Schweiz/Suisse/Svizzera/Svizra,ch
22831,41.9780286285,-87.9036712646,United States,us
1805529,32.887456,-96.770311,United States,us
1220454,57.679899833,12.003952167,Sverige,se
147915,28.0534484667,-82.4185215333,United States,us
2161365,29.5455086231,-98.5521054268,United States,us
880967,41.5035797334,-81.6090631485,United States,us
